"No","Player ID","Player Name","MLB ID","Date","Pitch ID","Pitch Type","Is Strike","Strike Zone Side","Strike Zone Height","Velocity","Total Spin","True Spin (release)","Spin Efficiency (release)","Spin Direction","Spin Confidence","Release Extension (ft)","VB (trajectory)","HB (trajectory)","VB (spin)","HB (spin)","Horizontal Angle","Release Angle","Release Height","Release Side","Gyro Degree (deg)","Unique ID","Device Serial Number","Horizontal Approach Angle","Vertical Approach Angle"
1,103705,"Guest ","-","Thu Oct 10 2024 10:05:58 PM",1728597958,"ChangeUp","NO","35.00","21.94",77.25,1846.3,1618.7,87.7,"01:16",0.8,1.5652065,"15.09","15.30","15.1","11.7","0.90","-0.32","5.55","0.79","28.75","103705@1728597958","RBB20WBSM44R","-","-"
2,103705,"Guest ","-","Thu Oct 10 2024 10:06:23 PM",1728597983,"ChangeUp","NO","25.12","19.23",77.04,1955.3,1788.4,91.5,"01:16",0.9,1.4103031,"16.74","16.35","16.7","12.8","0.07","-1.06","5.63","0.66","23.85","103705@1728597983","RBB20WBSM44R","-","-"
3,103705,"Guest ","-","Thu Oct 10 2024 10:06:48 PM",1728598008,"ChangeUp","NO","27.24","27.03",76.98,1989.7,1770,89,"01:20",0.9,1.5399265,"15.46","14.19","15.5","12.9","0.43","-0.29","5.54","0.68","27.18","103705@1728598008","RBB20WBSM44R","-","-"
4,103705,"Guest ","-","Thu Oct 10 2024 10:07:16 PM",1728598036,"ChangeUp","NO","18.19","21.83",78.48,1954,1783.5,91.3,"01:10",0.9,1.4628315,"17.03","16.09","17.0","11.8","-0.48","-1.09","5.63","0.63","24.11","103705@1728598036","RBB20WBSM44R","-","-"
5,103705,"Guest ","-","Thu Oct 10 2024 10:07:44 PM",1728598064,"ChangeUp","NO","29.86","38.81",79.05,1897.1,1722.3,90.8,"01:20",0.9,1.5437851,"15.23","14.72","15.2","12.9","0.77","0.75","5.51","0.54","24.79","103705@1728598064","RBB20WBSM44R","-","-"
6,103705,"Guest ","-","Thu Oct 10 2024 10:08:22 PM",1728598102,"ChangeUp","NO","24.62","17.60",79.16,1882.5,1678.7,89.2,"01:14",0.8,1.524334,"15.80","16.89","15.8","11.7","0.07","-1.23","5.50","0.58","26.91","103705@1728598102","RBB20WBSM44R","-","-"
7,103705,"Guest ","-","Thu Oct 10 2024 10:08:56 PM",1728598136,"ChangeUp","NO","10.02","17.49",79.44,1951.9,1729,88.6,"01:00",0.7,1.6338043,"17.13","16.81","17.1","9.6","-1.12","-0.81","5.50","0.49","27.65","103705@1728598136","RBB20WBSM44R","-","-"
8,103705,"Guest ","-","Thu Oct 10 2024 10:09:30 PM",1728598170,"ChangeUp","NO","24.75","21.00",78.34,1888.4,1659.3,87.9,"00:58",0.8,1.5119934,"17.14","18.15","17.1","9.2","0.08","-0.74","5.60","0.48","28.51","103705@1728598170","RBB20WBSM44R","-","-"
9,103705,"Guest ","-","Thu Oct 10 2024 10:10:03 PM",1728598203,"ChangeUp","NO","25.77","26.04",79.41,1858.1,1719.7,92.6,"01:14",0.8,1.5697861,"16.21","17.05","16.2","12.0","0.22","-0.48","5.46","0.52","22.26","103705@1728598203","RBB20WBSM44R","-","-"
10,103705,"Guest ","-","Thu Oct 10 2024 10:10:53 PM",1728598253,"Fastball","NO","20.00","29.61",80.31,1928,1679.9,87.1,"00:58",0.8,1.5471745,"16.93","14.91","16.9","9.2","0.06","-0.69","5.67","0.37","29.39","103705@1728598253","RBB20WBSM44R","-","-"
11,103705,"Guest ","-","Thu Oct 10 2024 10:11:35 PM",1728598295,"-","NO","-","-",80.08,"-","-","-","-","-","-","-","-","-","-","-","-","-","-","-","103705@1728598295","RBB20WBSM44R","-","-"
12,103705,"Guest ","-","Thu Oct 10 2024 10:12:14 PM",1728598334,"ChangeUp","NO","23.16","-2.49",79.43,346.7,296.4,85.5,"00:58",0.6,1.6164017,"5.74","21.24","5.7","2.9","0.01","-3.35","5.50","0.15","31.25","103705@1728598334","RBB20WBSM44R","-","-"
13,103705,"Guest ","-","Thu Oct 10 2024 10:26:57 PM",1728599217,"-","NO","-","-",69.67,"-","-","-","-","-","-","-","-","-","-","-","-","-","-","-","103705@1728599217","RBB20WBSM44R","-","-"
14,103705,"Guest ","-","Thu Oct 10 2024 10:27:11 PM",1728599231,"ChangeUp","YES","9.73","37.10",74.89,1851.4,1701,91.9,"01:26",0.7,1.4508591,"15.21","19.64","15.2","13.9","-1.95","1.71","5.53","1.02","23.25","103705@1728599231","RBB20WBSM44R","-","-"
15,103705,"Guest ","-","Thu Oct 10 2024 10:27:27 PM",1728599247,"ChangeUp","NO","17.59","40.50",76.41,1915.4,1592.3,83.1,"01:14",0.8,1.45541,"14.94","16.58","14.9","11.1","-0.70","1.54","5.49","0.75","33.77","103705@1728599247","RBB20WBSM44R","-","-"
16,103705,"Guest ","-","Thu Oct 10 2024 10:27:43 PM",1728599263,"-","NO","-","-",77.37,"-","-","-","-","-","-","-","-","-","-","-","-","-","-","-","103705@1728599263","RBB20WBSM44R","-","-"
17,103705,"Guest ","-","Thu Oct 10 2024 10:28:22 PM",1728599302,"Fastball","NO","27.23","35.30",79.72,1806,1662.5,92.1,"01:22",0.7,1.612812,"14.75","18.29","14.7","12.7","0.09","1.20","5.40","0.66","23.00","103705@1728599302","RBB20WBSM44R","-","-"
18,103705,"Guest ","-","Thu Oct 10 2024 10:28:57 PM",1728599337,"Fastball","NO","24.88","40.84",79.86,1902,1745.7,91.8,"01:18",0.8,1.5042858,"15.67","16.86","15.7","12.7","0.21","0.80","5.56","0.47","23.39","103705@1728599337","RBB20WBSM44R","-","-"
19,103705,"Guest ","-","Thu Oct 10 2024 10:29:27 PM",1728599367,"-","NO","-","-",79.72,"-","-","-","-","-","-","-","-","-","-","-","-","-","-","-","103705@1728599367","RBB20WBSM44R","-","-"
20,933796,"Brevin Goetz","-","Sat Oct 12 2024 3:41:30 PM",1728747690,"Fastball","YES","9.90","34.26",88.69,1979,1973.6,99.7,"01:54",0.8,1.8508816,"11.11","20.68","11.1","17.4","-3.32","1.40","4.59","2.17","4.23","933796@1728747690","RBB20WBSM44R","-","-"
21,933796,"Brevin Goetz","-","Sat Oct 12 2024 3:41:47 PM",1728747707,"Fastball","NO","-16.61","20.59",89.1,1976.2,1969.7,99.7,"01:58",0.8,1.9395676,"10.44","25.13","10.4","17.7","-6.22","0.15","4.44","2.24","4.66","933796@1728747707","RBB20WBSM44R","-","-"
22,933796,"Brevin Goetz","-","Sat Oct 12 2024 3:42:08 PM",1728747728,"Fastball","NO","5.34","16.13",88.5,1945.6,1936.9,99.6,"01:58",0.8,1.8072567,"10.50","23.76","10.5","17.8","-4.29","-0.60","4.45","2.45","5.40","933796@1728747728","RBB20WBSM44R","-","-"
23,933796,"Brevin Goetz","-","Sat Oct 12 2024 3:42:29 PM",1728747749,"Fastball","NO","-13.35","4.98",88.82,1975.1,1974.7,100,"02:02",0.8,1.9276638,"10.08","22.31","10.1","18.0","-5.60","-1.39","4.47","2.18","1.22","933796@1728747749","RBB20WBSM44R","-","-"
24,933796,"Brevin Goetz","-","Sat Oct 12 2024 3:42:50 PM",1728747770,"Slider","YES","0.73","39.34",79.46,2492.9,394.9,15.8,"09:50",0.8,1.7681026,"1.81","-2.07","1.8","-4.5","-2.22","3.19","4.37","2.30","80.88","933796@1728747770","RBB20WBSM44R","-","-"
25,933796,"Brevin Goetz","-","Sat Oct 12 2024 3:43:11 PM",1728747791,"Fastball","NO","-6.07","8.24",88.44,1894.4,1894.4,100,"03:36",0.5,1.987217,"-6.36","-13.22","-6.4","19.0","-1.38","-2.87","4.63","1.86","0.13","933796@1728747791","RBB20WBSM44R","-","-"
26,933796,"Brevin Goetz","-","Sat Oct 12 2024 3:43:49 PM",1728747829,"Fastball","YES","4.80","18.01",89.16,1935.2,1934.5,100,"02:00",0.9,1.8781452,"10.09","20.99","10.1","17.8","-4.12","-0.66","4.45","2.45","1.58","933796@1728747829","RBB20WBSM44R","-","-"
27,933796,"Brevin Goetz","-","Sat Oct 12 2024 3:44:35 PM",1728747875,"Fastball","NO","3.32","7.28",87.82,2030.3,2029.4,100,"02:10",0.9,1.9249172,"8.77","18.14","8.8","19.0","-3.97","-1.21","4.44","2.42","-1.72","933796@1728747875","RBB20WBSM44R","-","-"
28,933796,"Brevin Goetz","-","Sat Oct 12 2024 3:44:57 PM",1728747897,"Fastball","NO","11.70","20.02",88.16,1989.8,1946.7,97.8,"02:00",0.8,1.8049316,"10.25","19.48","10.2","17.7","-3.47","-0.02","4.40","2.57","11.95","933796@1728747897","RBB20WBSM44R","-","-"
29,933796,"Brevin Goetz","-","Sat Oct 12 2024 3:45:20 PM",1728747920,"Fastball","NO","7.62","16.16",87.63,1975.8,1975.1,100,"02:02",0.9,1.9215565,"10.07","18.92","10.1","18.1","-3.68","-0.60","4.46","2.45","1.57","933796@1728747920","RBB20WBSM44R","-","-"
30,933796,"Brevin Goetz","-","Sat Oct 12 2024 3:46:07 PM",1728747967,"Slider","YES","-5.68","22.17",79.06,2522.7,210.9,8.4,"10:40",0.9,1.8703213,"1.65","-1.18","1.6","-2.3","-3.13","1.21","4.31","2.52","85.20","933796@1728747967","RBB20WBSM44R","-","-"
31,933796,"Brevin Goetz","-","Sat Oct 12 2024 3:46:53 PM",1728748013,"Fastball","YES","5.76","20.82",88.57,2081.1,2033.7,97.7,"02:00",0.8,1.9042511,"10.31","21.98","10.3","17.8","-3.97","0.02","4.46","2.30","12.25","933796@1728748013","RBB20WBSM44R","-","-"
32,933796,"Brevin Goetz","-","Sat Oct 12 2024 3:47:38 PM",1728748058,"Fastball","NO","17.57","23.79",87.98,2001.3,1990.6,99.5,"02:00",0.9,1.8403206,"10.27","19.84","10.3","18.0","-2.83","0.24","4.35","2.43","5.93","933796@1728748058","RBB20WBSM44R","-","-"
33,933796,"Brevin Goetz","-","Sat Oct 12 2024 3:48:15 PM",1728748095,"Fastball","NO","21.55","28.85",88.29,1955.3,1897.1,97,"02:06",0.8,1.802948,"9.11","18.29","9.1","17.8","-2.21","0.97","4.38","2.32","14.02","933796@1728748095","RBB20WBSM44R","-","-"
34,933796,"Brevin Goetz","-","Sat Oct 12 2024 3:48:47 PM",1728748127,"Fastball","NO","31.53","34.35",88.55,1902.3,1898.3,99.8,"02:06",0.9,2.0125237,"9.01","19.17","9.0","17.6","-1.45","1.29","4.33","2.36","3.69","933796@1728748127","RBB20WBSM44R","-","-"
35,933796,"Brevin Goetz","-","Sat Oct 12 2024 3:49:22 PM",1728748162,"Slider","YES","-8.21","25.66",78.54,2399.3,422.2,17.6,"09:12",0.9,1.7261314,"0.61","-4.28","0.6","-5.3","-2.99","2.07","4.23","2.47","79.86","933796@1728748162","RBB20WBSM44R","-","-"
36,933796,"Brevin Goetz","-","Sat Oct 12 2024 3:49:39 PM",1728748179,"Slider","NO","-15.37","8.31",79.39,2373.9,221.7,9.3,"11:46",0.9,1.8628044,"2.25","-2.26","2.3","-1.3","-4.01","0.35","4.25","2.62","84.64","933796@1728748179","RBB20WBSM44R","-","-"
37,933796,"Brevin Goetz","-","Sat Oct 12 2024 3:50:02 PM",1728748202,"Slider","NO","-16.34","18.35",78.01,2481.7,472.6,19,"08:48",0.9,"-","-0.27","-5.59","-0.3","-5.4","-3.57","1.17","4.32","2.24","79.02","933796@1728748202","RBB20WBSM44R","-","-"
38,933796,"Brevin Goetz","-","Sat Oct 12 2024 3:50:27 PM",1728748227,"Fastball","NO","11.88","29.30",88.76,2005.8,1940.3,96.7,"02:00",0.8,1.9262962,"9.75","22.03","9.8","17.2","-3.57","1.05","4.26","2.44","14.68","933796@1728748227","RBB20WBSM44R","-","-"
39,933796,"Brevin Goetz","-","Sat Oct 12 2024 3:50:56 PM",1728748256,"Slider","NO","-13.19","19.19",78.62,2470.1,473.7,19.2,"09:08",0.9,1.769289,"0.40","-0.84","0.4","-5.8","-3.73","1.05","4.33","2.45","78.94","933796@1728748256","RBB20WBSM44R","-","-"
40,722358,"Adam Biewen","-","Sat Oct 12 2024 3:16:35 PM",1728746195,"Fastball","NO","19.35","23.65",85.06,1975.3,1265.7,64.1,"10:10",1,2.1486568,"7.68","-9.52","7.7","-10.2","4.62","0.04","4.36","-1.80","-50.15","722358@1728746195","RBB20WBSM44R","-","-"
41,722358,"Adam Biewen","-","Sat Oct 12 2024 3:16:47 PM",1728746207,"Fastball","NO","18.00","24.35",84.63,2017.1,1524.5,75.6,"10:02",1,"-","7.92","-12.06","7.9","-12.9","4.65","0.24","4.21","-1.71","-40.91","722358@1728746207","RBB20WBSM44R","-","-"
42,722358,"Adam Biewen","-","Sat Oct 12 2024 3:17:16 PM",1728746236,"Fastball","NO","13.79","12.01",86.3,2019.7,1567.6,77.6,"10:22",0.9,2.1150951,"10.58","-11.08","10.6","-11.8","4.22","-1.13","4.36","-1.77","-39.09","722358@1728746236","RBB20WBSM44R","-","-"
43,722358,"Adam Biewen","-","Sat Oct 12 2024 3:17:28 PM",1728746248,"Fastball","YES","8.02","20.20",86.04,2050.3,1617.3,78.9,"10:12",0.9,"-","9.38","-9.43","9.4","-12.6","3.52","-0.46","4.31","-1.74","-37.93","722358@1728746248","RBB20WBSM44R","-","-"
44,722358,"Adam Biewen","-","Sat Oct 12 2024 3:17:41 PM",1728746261,"Fastball","NO","-1.08","17.79",85.93,2045.1,1482.4,72.5,"10:42",0.9,"-","11.37","-9.96","11.4","-8.8","2.70","-0.44","4.42","-1.69","-43.54","722358@1728746261","RBB20WBSM44R","-","-"
45,722358,"Adam Biewen","-","Sat Oct 12 2024 3:18:18 PM",1728746298,"Slider","NO","15.05","14.09",75.08,1920.8,360.6,18.8,"05:02",1,"-","-3.34","4.15","-3.3","2.9","2.95","1.07","4.34","-1.77","-79.18","722358@1728746298","RBB20WBSM44R","-","-"
46,722358,"Adam Biewen","-","Sat Oct 12 2024 3:18:31 PM",1728746311,"Fastball","NO","12.96","20.93",85.86,1999.8,1443.4,72.2,"10:34",0.9,"-","10.56","-8.48","10.6","-9.5","3.96","-0.37","4.32","-1.80","-43.80","722358@1728746311","RBB20WBSM44R","-","-"
47,722358,"Adam Biewen","-","Sat Oct 12 2024 3:18:44 PM",1728746324,"Fastball","YES","8.71","27.46",86.05,2024.8,1160.2,57.3,"10:18",0.9,"-","7.21","-10.32","7.2","-8.5","3.54","0.61","4.36","-1.59","-55.04","722358@1728746324","RBB20WBSM44R","-","-"
48,722358,"Adam Biewen","-","Sat Oct 12 2024 3:19:01 PM",1728746341,"Fastball","YES","9.67","24.24",85.94,2071.3,1272.5,61.4,"10:10",0.9,"-","7.31","-9.48","7.3","-9.8","3.61","0.20","4.32","-1.67","-52.09","722358@1728746341","RBB20WBSM44R","-","-"
49,722358,"Adam Biewen","-","Sat Oct 12 2024 3:19:17 PM",1728746357,"ChangeUp","NO","-13.47","16.63",76.17,1436.3,1436.3,100,"09:28",0.8,"-","4.59","-10.24","4.6","-17.6","1.90","1.42","3.98","-1.96","0.33","722358@1728746357","RBB20WBSM44R","-","-"
50,722358,"Adam Biewen","-","Sat Oct 12 2024 3:19:36 PM",1728746376,"ChangeUp","NO","-12.03","27.97",75.89,1504.4,1465.9,97.4,"09:28",0.9,"-","4.56","-13.80","4.6","-17.7","2.22","2.01","4.17","-1.84","12.99","722358@1728746376","RBB20WBSM44R","-","-"
51,722358,"Adam Biewen","-","Sat Oct 12 2024 3:26:25 PM",1728746785,"Fastball","YES","5.88","20.29",85.53,1919,1598,83.3,"10:18",1,"-","10.41","-11.17","10.4","-12.6","3.47","-0.76","4.41","-1.70","-33.62","722358@1728746785","RBB20WBSM44R","-","-"
52,722358,"Adam Biewen","-","Sat Oct 12 2024 3:26:37 PM",1728746797,"ChangeUp","NO","-21.76","24.70",75.01,1433.4,1376.2,96,"09:32",0.9,"-","5.16","-14.83","5.2","-17.1","1.64","1.35","4.18","-2.07","16.24","722358@1728746797","RBB20WBSM44R","-","-"
53,722358,"Adam Biewen","-","Sat Oct 12 2024 3:26:52 PM",1728746812,"Fastball","YES","9.46","23.90",85.59,1965.5,1613.2,82.1,"10:22",0.9,"-","11.01","-8.22","11.0","-12.0","3.56","-0.53","4.38","-1.76","-34.84","722358@1728746812","RBB20WBSM44R","-","-"
54,722358,"Adam Biewen","-","Sat Oct 12 2024 3:27:33 PM",1728746853,"Fastball","YES","-1.16","27.63",86.85,1977.8,1620.7,81.9,"10:16",0.9,2.0703926,"10.28","-9.00","10.3","-12.8","2.69","-0.32","4.35","-1.80","-34.97","722358@1728746853","RBB20WBSM44R","-","-"
55,722358,"Adam Biewen","-","Sat Oct 12 2024 3:28:01 PM",1728746881,"Fastball","NO","16.30","25.47",86.44,2039.3,1515.2,74.3,"10:34",0.9,"-","11.17","-9.03","11.2","-9.9","4.22","0.31","4.31","-1.70","-42.01","722358@1728746881","RBB20WBSM44R","-","-"
56,722358,"Adam Biewen","-","Sat Oct 12 2024 3:28:14 PM",1728746894,"Fastball","YES","2.90","24.22",85.73,2059.4,1515.5,73.6,"10:36",0.9,"-","11.32","-7.16","11.3","-9.6","2.76","0.01","4.30","-1.66","-42.62","722358@1728746894","RBB20WBSM44R","-","-"
57,722358,"Adam Biewen","-","Sat Oct 12 2024 3:28:33 PM",1728746913,"Fastball","YES","1.06","28.17",85.7,2080.9,1523.5,73.2,"10:32",0.9,"-","10.87","-7.60","10.9","-10.0","2.65","0.21","4.28","-1.68","-42.93","722358@1728746913","RBB20WBSM44R","-","-"
58,722358,"Adam Biewen","-","Sat Oct 12 2024 3:28:50 PM",1728746930,"Slider","YES","-4.68","21.47",77.2,2061.2,394,19.1,"03:26",0.9,"-","-0.78","4.44","-0.8","4.9","1.04","1.43","4.37","-1.70","-78.98","722358@1728746930","RBB20WBSM44R","-","-"
59,722358,"Adam Biewen","-","Sat Oct 12 2024 3:29:14 PM",1728746954,"Slider","YES","-7.32","18.04",75,2036.9,349.8,17.2,"03:14",1,2.1201077,"-0.35","3.42","-0.3","4.7","1.07","1.20","4.23","-1.87","-80.11","722358@1728746954","RBB20WBSM44R","-","-"
60,722358,"Adam Biewen","-","Sat Oct 12 2024 3:29:27 PM",1728746967,"Fastball","YES","2.53","19.76",85.37,2047.1,1535.6,75,"10:40",1,"-","11.63","-9.03","11.6","-9.4","2.96","-0.73","4.34","-1.69","-41.40","722358@1728746967","RBB20WBSM44R","-","-"
61,1022360,"Cody Johnson","-","Thu Oct 10 2024 10:19:02 PM",1728598742,"ChangeUp","NO","4.05","52.04",66.91,1497.3,1493.4,99.7,"10:28",0.9,1.5183163,"15.29","-11.13","15.3","-15.3","3.85","3.00","5.57","-2.38","-4.15","1022360@1728598742","RBB20WBSM44R","-","-"
62,1022360,"Cody Johnson","-","Thu Oct 10 2024 10:19:38 PM",1728598778,"ChangeUp","NO","17.12","28.77",68.68,1638.7,1636.6,99.9,"10:32",0.9,1.6121101,"16.25","-13.75","16.2","-15.3","5.04","1.09","5.31","-2.16","2.86","1022360@1728598778","RBB20WBSM44R","-","-"
63,1022360,"Cody Johnson","-","Thu Oct 10 2024 10:19:57 PM",1728598797,"ChangeUp","YES","8.11","29.89",57.8,1443.1,1221.9,84.7,"09:44",0.9,1.7927704,"7.55","-17.20","7.5","-18.2","4.48","3.71","5.44","-2.06","32.15","1022360@1728598797","RBB20WBSM44R","-","-"
64,1022360,"Cody Johnson","-","Thu Oct 10 2024 10:20:27 PM",1728598827,"ChangeUp","NO","14.25","21.51",62.09,898.7,873.3,97.2,"11:54",0.7,1.7353878,"16.51","-14.70","16.5","-0.5","4.86","1.76","5.29","-2.12","-13.65","1022360@1728598827","RBB20WBSM44R","-","-"
65,1022360,"Cody Johnson","-","Thu Oct 10 2024 10:20:47 PM",1728598847,"ChangeUp","YES","1.86","20.57",59.96,1580.9,1317.4,83.3,"10:04",0.9,1.7776699,"10.66","-12.96","10.7","-16.6","3.51","2.21","5.39","-2.03","33.56","1022360@1728598847","RBB20WBSM44R","-","-"
66,1022360,"Cody Johnson","-","Thu Oct 10 2024 10:21:12 PM",1728598872,"ChangeUp","NO","-0.88","14.96",57.82,1573.6,1167.1,74.2,"10:00",0.9,1.4512882,"9.45","-12.72","9.5","-16.5","3.27","2.32","5.47","-2.12","42.12","1022360@1728598872","RBB20WBSM44R","-","-"
67,1022360,"Cody Johnson","-","Thu Oct 10 2024 10:21:37 PM",1728598897,"ChangeUp","NO","-18.38","30.53",59.63,1589.7,1335.1,84,"10:02",0.9,1.7023354,"10.54","-14.84","10.5","-17.2","1.86","3.17","5.48","-2.04","32.88","1022360@1728598897","RBB20WBSM44R","-","-"
68,1022360,"Cody Johnson","-","Thu Oct 10 2024 10:21:54 PM",1728598914,"ChangeUp","YES","6.81","39.87",62.4,1589.6,1323.1,83.2,"10:02",0.9,1.6689129,"10.21","-15.20","10.2","-16.9","4.12","3.28","5.47","-2.03","33.66","1022360@1728598914","RBB20WBSM44R","-","-"
69,1022360,"Cody Johnson","-","Thu Oct 10 2024 10:22:11 PM",1728598931,"ChangeUp","NO","12.31","12.65",60.82,1665.3,1403.7,84.3,"10:14",0.9,1.7532539,"12.47","-13.33","12.5","-16.3","4.57","0.71","5.52","-2.12","32.55","1022360@1728598931","RBB20WBSM44R","-","-"
70,1022360,"Cody Johnson","-","Thu Oct 10 2024 10:22:29 PM",1728598949,"ChangeUp","YES","-0.75","39.04",60.17,1456.8,1228.6,84.3,"10:06",0.9,1.610775,"10.75","-13.91","10.7","-16.4","3.42","2.99","5.48","-2.12","32.51","1022360@1728598949","RBB20WBSM44R","-","-"
71,1022360,"Cody Johnson","-","Thu Oct 10 2024 10:22:49 PM",1728598969,"ChangeUp","NO","14.02","23.75",60.63,1542.9,1147.5,74.4,"09:46",0.9,1.7070751,"7.21","-14.65","7.2","-16.4","4.95","2.12","5.42","-2.24","41.95","1022360@1728598969","RBB20WBSM44R","-","-"
72,1022360,"Cody Johnson","-","Thu Oct 10 2024 10:23:51 PM",1728599031,"CurveBall","YES","-0.89","28.37",61.74,1821.9,1627.3,89.3,"04:42",0.9,1.6414032,"-16.86","19.37","-16.9","14.2","0.60","5.10","5.25","-2.25","-26.72","1022360@1728599031","RBB20WBSM44R","-","-"
73,1022360,"Cody Johnson","-","Thu Oct 10 2024 10:24:09 PM",1728599049,"CurveBall","YES","-1.37","37.65",61.93,1828.5,1564.3,85.6,"04:42",0.9,1.552269,"-16.14","17.29","-16.1","13.9","0.70","6.02","5.19","-2.21","-31.18","1022360@1728599049","RBB20WBSM44R","-","-"
74,1022360,"Cody Johnson","-","Thu Oct 10 2024 10:24:35 PM",1728599075,"CurveBall","NO","7.15","0.32",62.45,1798,1595.1,88.7,"05:00",0.8,1.4615555,"-18.85","16.79","-18.9","11.5","1.69","3.08","5.12","-2.41","-27.48","1022360@1728599075","RBB20WBSM44R","-","-"
75,1022360,"Cody Johnson","-","Thu Oct 10 2024 10:25:12 PM",1728599112,"CurveBall","NO","-2.18","15.49",63.25,1835.1,1585.2,86.4,"04:40",0.9,1.5149117,"-16.14","17.89","-16.1","14.2","0.58","3.98","5.16","-2.22","-30.25","1022360@1728599112","RBB20WBSM44R","-","-"
76,1022360,"Cody Johnson","-","Thu Oct 10 2024 10:25:32 PM",1728599132,"ChangeUp","NO","15.57","14.06",61.98,1684.7,1151.7,68.4,"10:08",0.9,1.6749592,"9.72","-16.67","9.7","-14.3","5.13","0.71","5.40","-2.12","46.87","1022360@1728599132","RBB20WBSM44R","-","-"
77,933775,"Luke Siegle","-","Sat Oct 12 2024 3:09:46 PM",1728745786,"Fastball","NO","18.17","24.88",89.18,1919.4,1649.9,86,"01:48",0.8,"-","9.79","13.55","9.8","13.2","-2.07","0.03","4.57","2.26","30.73","933775@1728745786","RBB20WBSM44R","-","-"
78,933775,"Luke Siegle","-","Sat Oct 12 2024 3:10:05 PM",1728745805,"Fastball","NO","10.47","28.61",92.89,2096.4,1830.7,87.3,"01:42",0.7,2.06884,"10.96","21.18","11.0","13.7","-3.60","0.75","4.45","2.39","29.16","933775@1728745805","RBB20WBSM44R","-","-"
79,933775,"Luke Siegle","-","Sat Oct 12 2024 3:10:16 PM",1728745816,"Fastball","NO","17.65","19.91",90.94,2000.4,1739.9,87,"01:42",0.9,2.0051517,"10.93","16.22","10.9","13.5","-2.43","-0.96","4.68","2.34","29.56","933775@1728745816","RBB20WBSM44R","-","-"
80,933775,"Luke Siegle","-","Sat Oct 12 2024 3:10:34 PM",1728745834,"Fastball","NO","15.15","24.71",92.18,2142.1,1813.7,84.7,"01:42",0.9,2.071642,"10.67","15.69","10.7","13.3","-2.54","-0.93","4.73","2.27","32.14","933775@1728745834","RBB20WBSM44R","-","-"
81,933775,"Luke Siegle","-","Sat Oct 12 2024 3:10:51 PM",1728745851,"Fastball","NO","15.23","23.00",91.62,1982.6,1884.3,95,"01:50",0.8,"-","10.44","14.37","10.4","15.1","-2.41","-0.22","4.50","2.24","18.11","933775@1728745851","RBB20WBSM44R","-","-"
82,933775,"Luke Siegle","-","Sat Oct 12 2024 3:11:21 PM",1728745881,"ChangeUp","NO","-2.10","12.77",83.6,1857.4,1854.1,99.8,"01:58",0.8,"-","10.06","20.72","10.1","16.9","-4.69","-0.35","4.26","2.34","3.40","933775@1728745881","RBB20WBSM44R","-","-"
83,933775,"Luke Siegle","-","Sat Oct 12 2024 3:11:34 PM",1728745894,"Fastball","NO","17.37","22.45",90.06,1979.6,1855.2,93.7,"01:56",0.8,2.0698357,"9.89","19.79","9.9","15.7","-2.72","0.11","4.46","2.28","20.43","933775@1728745894","RBB20WBSM44R","-","-"
84,933775,"Luke Siegle","-","Sat Oct 12 2024 3:11:57 PM",1728745917,"Fastball","YES","-4.47","18.40",92.21,2070,1968,95.1,"01:22",0.8,"-","14.23","19.94","14.2","12.3","-4.38","-1.55","4.84","1.92","18.07","933775@1728745917","RBB20WBSM44R","-","-"
85,933775,"Luke Siegle","-","Sat Oct 12 2024 3:12:08 PM",1728745928,"Fastball","YES","-5.29","20.52",93.35,2201.9,2192.1,99.6,"01:32",0.8,"-","13.87","19.65","13.9","14.7","-4.14","-1.53","4.90","1.66","5.41","933775@1728745928","RBB20WBSM44R","-","-"
86,933775,"Luke Siegle","-","Sat Oct 12 2024 3:12:37 PM",1728745957,"Fastball","NO","1.76","15.84",93.02,2138.2,2028.7,94.9,"01:24",0.8,2.1289082,"14.40","19.67","14.4","12.8","-3.65","-1.97","4.89","1.82","18.41","933775@1728745957","RBB20WBSM44R","-","-"
87,933775,"Luke Siegle","-","Sat Oct 12 2024 3:12:58 PM",1728745978,"Fastball","YES","0.08","34.16",92.75,2093.5,1975,94.3,"01:22",0.9,2.096365,"14.43","18.23","14.4","12.5","-3.87","-0.64","4.89","2.01","19.37","933775@1728745978","RBB20WBSM44R","-","-"
88,933775,"Luke Siegle","-","Sat Oct 12 2024 3:13:25 PM",1728746005,"Fastball","YES","-8.33","33.13",92.57,2126.4,2005.7,94.3,"01:24",0.8,2.0588646,"14.33","20.23","14.3","13.0","-4.51","-0.32","4.82","1.73","19.40","933775@1728746005","RBB20WBSM44R","-","-"
89,933775,"Luke Siegle","-","Sat Oct 12 2024 3:13:36 PM",1728746016,"Fastball","NO","3.19","13.07",91.71,2070,1971.3,95.2,"01:44",0.8,"-","11.59","19.70","11.6","14.8","-3.53","-1.71","4.75","1.81","17.76","933775@1728746016","RBB20WBSM44R","-","-"
90,933775,"Luke Siegle","-","Sat Oct 12 2024 3:13:51 PM",1728746031,"Fastball","YES","-4.37","25.02",93.75,2022,1912.8,94.6,"04:12",0.5,2.1015377,"-11.39","-18.81","-11.4","14.7","0.00","-1.63","4.94","1.20","18.92","933775@1728746031","RBB20WBSM44R","-","-"
91,933775,"Luke Siegle","-","Sat Oct 12 2024 3:22:30 PM",1728746550,"Fastball","NO","11.25","31.45",89.23,2054.4,1899.6,92.5,"01:22",0.8,2.068159,"14.12","16.66","14.1","12.5","-2.60","-0.24","4.92","1.92","22.38","933775@1728746550","RBB20WBSM44R","-","-"
92,933775,"Luke Siegle","-","Sat Oct 12 2024 3:23:05 PM",1728746585,"Fastball","YES","4.45","23.04",90.48,1984,1828.9,92.2,"01:16",0.8,2.1339664,"14.45","16.92","14.5","11.2","-3.27","-0.89","4.87","1.94","22.81","933775@1728746585","RBB20WBSM44R","-","-"
93,933775,"Luke Siegle","-","Sat Oct 12 2024 3:23:44 PM",1728746624,"Fastball","YES","7.45","40.33",90.29,1919,1643.7,85.7,"01:38",0.8,1.9499702,"10.92","18.87","10.9","12.8","-3.06","0.06","4.83","1.87","31.07","933775@1728746624","RBB20WBSM44R","-","-"
94,933775,"Luke Siegle","-","Sat Oct 12 2024 3:24:12 PM",1728746652,"Fastball","YES","3.10","18.24",91.01,1981.9,1845,93.1,"01:22",0.8,"-","13.72","15.52","13.7","11.8","-3.23","-1.33","4.82","1.86","21.42","933775@1728746652","RBB20WBSM44R","-","-"
95,1022845,"Jacob Weckop","-","Sat Oct 12 2024 4:01:23 PM",1728748883,"Fastball","NO","12.45","9.74",84.7,2079.8,2077.9,99.9,"01:50",0.9,"-","11.85","17.39","11.8","16.9","-2.77","-1.70","4.57","2.06","2.48","1022845@1728748883","RBB20WBSM44R","-","-"
96,1022845,"Jacob Weckop","-","Sat Oct 12 2024 4:01:43 PM",1728748903,"Fastball","YES","3.68","21.93",84.4,2027.5,2023,99.8,"01:34",0.9,"-","13.83","17.76","13.8","15.0","-3.48","-1.19","4.71","1.95","3.81","1022845@1728748903","RBB20WBSM44R","-","-"
97,1022845,"Jacob Weckop","-","Sat Oct 12 2024 4:02:10 PM",1728748930,"Slider","NO","-18.15","30.33",71.47,2321.8,1213.5,52.3,"08:30",0.8,"-","-2.92","-4.81","-2.9","-12.9","-3.56","2.68","4.35","2.11","58.49","1022845@1728748930","RBB20WBSM44R","-","-"
98,1022845,"Jacob Weckop","-","Sat Oct 12 2024 4:02:42 PM",1728748962,"Slider","YES","-6.07","30.06",70.72,2349.2,1131.8,48.2,"08:50",0.9,"-","-0.72","-9.82","-0.7","-12.4","-2.05","3.04","4.30","2.17","61.20","1022845@1728748962","RBB20WBSM44R","-","-"
99,1022845,"Jacob Weckop","-","Sat Oct 12 2024 4:03:09 PM",1728748989,"Fastball","NO","3.70","10.79",85.49,2159.2,2155.4,99.8,"01:36",0.9,"-","14.05","17.28","14.0","15.4","-3.45","-2.23","4.60","1.94","3.38","1022845@1728748989","RBB20WBSM44R","-","-"
100,1022845,"Jacob Weckop","-","Sat Oct 12 2024 4:03:30 PM",1728749010,"Slider","NO","-13.32","11.20",71.75,2561.7,1393.4,54.4,"08:04",0.9,"-","-5.81","-15.12","-5.8","-12.8","-2.10","1.66","4.31","2.06","57.05","1022845@1728749010","RBB20WBSM44R","-","-"
101,1022845,"Jacob Weckop","-","Sat Oct 12 2024 4:03:58 PM",1728749038,"Slider","YES","-4.36","27.75",71.05,2400.1,1236.7,51.5,"08:08",1,2.0868587,"-4.99","-12.37","-5.0","-12.4","-1.64","2.88","4.33","2.16","58.98","1022845@1728749038","RBB20WBSM44R","-","-"
102,1022845,"Jacob Weckop","-","Sat Oct 12 2024 4:04:15 PM",1728749055,"Slider","NO","-13.78","20.13",72.43,2516.3,1334.9,53,"08:16",0.9,"-","-4.33","-15.41","-4.3","-12.8","-2.07","1.90","4.33","2.01","57.96","1022845@1728749055","RBB20WBSM44R","-","-"
103,1022845,"Jacob Weckop","-","Sat Oct 12 2024 4:04:35 PM",1728749075,"Slider","NO","-15.74","11.47",71.02,2526.3,1659.3,65.7,"08:12",1,"-","-6.18","-17.05","-6.2","-15.5","-2.16","1.60","4.23","2.06","48.94","1022845@1728749075","RBB20WBSM44R","-","-"
104,1022845,"Jacob Weckop","-","Sat Oct 12 2024 4:04:55 PM",1728749095,"Slider","NO","-23.78","11.34",72.21,2624.8,1425.2,54.3,"08:12",0.9,"-","-5.02","-14.94","-5.0","-13.2","-2.98","1.42","4.30","1.96","57.11","1022845@1728749095","RBB20WBSM44R","-","-"
105,1022845,"Jacob Weckop","-","Sat Oct 12 2024 4:05:20 PM",1728749120,"Slider","YES","4.65","31.85",70.51,2430.4,1254.5,51.6,"08:08",1,"-","-4.96","-13.31","-5.0","-12.2","-0.62","3.44","4.24","2.06","58.93","1022845@1728749120","RBB20WBSM44R","-","-"
106,1127317,"Tyler  Hughes","-","Sat Oct 12 2024 1:45:00 PM",1728740700,"Fastball","YES","-0.83","19.25",73.12,1805.8,1721.9,95.4,"01:50",0.9,"-","11.17","12.60","11.2","15.9","-2.92","0.38","4.21","1.53","17.53","1127317@1728740700","RBB20WBSM44R","-","-"
107,1127317,"Tyler  Hughes","-","Sat Oct 12 2024 1:45:14 PM",1728740714,"Fastball","YES","-3.00","31.53",74.26,1863,1791,96.1,"01:46",0.9,2.0010014,"12.39","14.50","12.4","16.3","-3.00","0.92","4.44","1.29","15.98","1127317@1728740714","RBB20WBSM44R","-","-"
108,1127317,"Tyler  Hughes","-","Sat Oct 12 2024 1:45:44 PM",1728740744,"Splitter","NO","0.94","15.47",56.38,947.1,793.6,83.8,"02:24",0.9,"-","4.33","8.17","4.3","12.8","-3.46","4.41","4.01","2.49","33.08","1127317@1728740744","RBB20WBSM44R","-","-"
109,1127317,"Tyler  Hughes","-","Sat Oct 12 2024 1:46:13 PM",1728740773,"Fastball","NO","-27.81","8.64",75.37,1915,1864.6,97.4,"01:48",0.9,"-","12.07","14.38","12.1","16.3","-5.44","-0.77","4.46","1.39","13.18","1127317@1728740773","RBB20WBSM44R","-","-"
110,1127317,"Tyler  Hughes","-","Sat Oct 12 2024 1:46:26 PM",1728740786,"Splitter","NO","12.14","15.44",55.45,991.3,952.3,96.1,"02:20",0.7,"-","5.61","-1.89","5.6","15.5","-0.50","3.44","3.92","1.62","16.12","1127317@1728740786","RBB20WBSM44R","-","-"
111,1127317,"Tyler  Hughes","-","Sat Oct 12 2024 1:46:39 PM",1728740799,"ChangeUp","NO","-12.65","25.54",68.86,1741.9,1539.1,88.4,"01:46",1,2.1174011,"11.18","15.29","11.2","14.6","-4.32","1.88","4.12","1.61","27.92","1127317@1728740799","RBB20WBSM44R","-","-"
112,1127317,"Tyler  Hughes","-","Sat Oct 12 2024 1:46:52 PM",1728740812,"ChangeUp","NO","-21.60","26.85",70.55,1766.8,1563.2,88.5,"01:46",0.9,"-","11.11","19.96","11.1","14.3","-5.48","2.03","4.05","1.51","27.78","1127317@1728740812","RBB20WBSM44R","-","-"
113,1127317,"Tyler  Hughes","-","Sat Oct 12 2024 1:47:18 PM",1728740838,"Slider","NO","-0.04","4.67",52.37,1467.8,863.1,58.8,"09:02",0.9,"-","0.56","-12.01","0.6","-14.6","-0.92","4.49","4.37","1.83","53.98","1127317@1728740838","RBB20WBSM44R","-","-"
114,1127317,"Tyler  Hughes","-","Sat Oct 12 2024 1:47:31 PM",1728740851,"ChangeUp","YES","-0.36","24.60",68.69,1743.2,1648.6,94.6,"01:50",0.9,1.9765816,"11.59","14.67","11.6","16.4","-3.65","2.39","4.02","2.10","18.96","1127317@1728740851","RBB20WBSM44R","-","-"
115,1127317,"Tyler  Hughes","-","Sat Oct 12 2024 1:47:58 PM",1728740878,"ChangeUp","NO","-7.12","17.90",70.03,1571.8,1503,95.6,"01:50",0.9,"-","10.88","13.15","10.9","15.3","-3.83","0.96","4.16","1.76","17.02","1127317@1728740878","RBB20WBSM44R","-","-"
116,1127317,"Tyler  Hughes","-","Sat Oct 12 2024 1:48:16 PM",1728740896,"ChangeUp","YES","-3.90","28.14",69.48,1734.4,1670.2,96.3,"01:26",0.8,"-","14.58","14.87","14.6","13.3","-3.90","2.28","4.24","1.92","15.63","1127317@1728740896","RBB20WBSM44R","-","-"
117,1127322,"Benny  Mcdonald","-","Sat Oct 12 2024 3:32:19 PM",1728747139,"Fastball","YES","1.24","22.40",82.26,1858.8,1772.5,95.4,"10:34",1,1.9701347,"14.50","-13.19","14.5","-13.1","2.05","-1.38","4.99","-0.68","-17.52","1127322@1728747139","RBB20WBSM44R","-","-"
118,1127322,"Benny  Mcdonald","-","Sat Oct 12 2024 3:32:55 PM",1728747175,"ChangeUp","YES","7.52","29.35",74.22,852.3,753.8,88.4,"09:46",0.9,2.105219,"4.91","-5.86","4.9","-11.1","1.96","1.22","4.83","-0.67","-27.82","1127322@1728747175","RBB20WBSM44R","-","-"
119,1127322,"Benny  Mcdonald","-","Sat Oct 12 2024 3:33:23 PM",1728747203,"Fastball","NO","-8.27","46.10",83.53,1912,1813.2,94.8,"10:32",0.9,2.0729103,"13.90","-11.77","13.9","-13.3","1.16","0.64","5.01","-0.76","-18.50","1127322@1728747203","RBB20WBSM44R","-","-"
120,1127322,"Benny  Mcdonald","-","Sat Oct 12 2024 3:33:38 PM",1728747218,"Fastball","YES","-4.02","33.76",82.7,1862.2,1755.1,94.2,"10:10",0.9,2.0113316,"11.20","-11.81","11.2","-15.4","1.38","-0.55","5.02","-0.61","-19.53","1127322@1728747218","RBB20WBSM44R","-","-"
121,1127322,"Benny  Mcdonald","-","Sat Oct 12 2024 3:33:59 PM",1728747239,"Fastball","YES","8.28","19.46",83.37,1853.4,1709.7,92.2,"10:38",0.9,"-","13.90","-10.52","13.9","-11.7","2.70","-1.34","4.93","-0.86","-22.71","1127322@1728747239","RBB20WBSM44R","-","-"
122,1127322,"Benny  Mcdonald","-","Sat Oct 12 2024 3:34:18 PM",1728747258,"Fastball","NO","9.09","14.27",83.98,1841.7,1724,93.6,"10:40",1,2.0758896,"14.64","-10.90","14.6","-11.7","2.47","-2.15","5.02","-0.58","-20.60","1127322@1728747258","RBB20WBSM44R","-","-"
123,1127322,"Benny  Mcdonald","-","Sat Oct 12 2024 3:34:31 PM",1728747271,"Fastball","NO","-4.69","47.42",83.93,1872.5,1718.5,91.8,"10:38",0.9,"-","13.54","-9.52","13.5","-11.7","1.22","0.89","4.95","-0.70","-23.40","1127322@1728747271","RBB20WBSM44R","-","-"
124,1127322,"Benny  Mcdonald","-","Sat Oct 12 2024 3:34:48 PM",1728747288,"Fastball","YES","0.79","18.01",82.64,1853.6,1741.2,93.9,"10:36",0.8,"-","13.76","-9.26","13.8","-12.2","1.92","-0.88","4.82","-0.89","-20.06","1127322@1728747288","RBB20WBSM44R","-","-"
125,1127322,"Benny  Mcdonald","-","Sat Oct 12 2024 3:35:26 PM",1728747326,"Fastball","YES","-3.49","24.55",82.98,1821.5,1708.8,93.8,"10:38",0.9,"-","13.89","-8.64","13.9","-11.7","1.22","-0.54","4.92","-0.67","-20.26","1127322@1728747326","RBB20WBSM44R","-","-"
126,1127322,"Benny  Mcdonald","-","Sat Oct 12 2024 3:36:07 PM",1728747367,"ChangeUp","NO","-14.98","19.17",74.16,1014.4,1014.4,100,"10:04",0.8,"-","8.28","-11.67","8.3","-12.8","0.82","0.66","4.87","-1.01","-0.37","1127322@1728747367","RBB20WBSM44R","-","-"
127,1127322,"Benny  Mcdonald","-","Sat Oct 12 2024 3:36:24 PM",1728747384,"ChangeUp","NO","-24.95","22.70",73.95,1016.4,1011.9,99.6,"10:04",0.9,"-","8.22","-11.95","8.2","-12.8","0.05","0.74","4.96","-1.13","-5.35","1127322@1728747384","RBB20WBSM44R","-","-"
128,1127322,"Benny  Mcdonald","-","Sat Oct 12 2024 3:36:49 PM",1728747409,"ChangeUp","YES","-3.11","25.62",73.89,903.1,788.5,87.3,"09:42",0.9,2.1189137,"4.70","-7.90","4.7","-11.5","1.21","1.06","4.91","-0.70","-29.17","1127322@1728747409","RBB20WBSM44R","-","-"
129,1127322,"Benny  Mcdonald","-","Sat Oct 12 2024 3:37:07 PM",1728747427,"ChangeUp","NO","-17.67","22.19",73.72,847.8,843.4,99.5,"09:56",0.9,"-","6.53","-16.60","6.5","-12.0","0.88","0.57","4.82","-0.88","-5.89","1127322@1728747427","RBB20WBSM44R","-","-"
130,1127322,"Benny  Mcdonald","-","Sat Oct 12 2024 3:37:24 PM",1728747444,"Fastball","YES","1.86","31.39",83.88,1790.7,1682.1,93.9,"10:34",1,"-","13.37","-10.96","13.4","-12.2","1.99","-0.64","5.00","-0.72","-20.05","1127322@1728747444","RBB20WBSM44R","-","-"
131,1127322,"Benny  Mcdonald","-","Sat Oct 12 2024 3:37:52 PM",1728747472,"ChangeUp","YES","-6.25","18.15",73.92,862.3,836.1,97,"09:52",0.8,2.0534573,"6.15","-11.59","6.1","-12.2","1.33","1.24","4.92","-0.77","-14.15","1127322@1728747472","RBB20WBSM44R","-","-"
132,1127322,"Benny  Mcdonald","-","Sat Oct 12 2024 3:38:04 PM",1728747484,"ChangeUp","NO","-7.66","14.94",74.35,918.1,887.3,96.6,"10:00",0.8,"-","7.07","-11.66","7.1","-11.8","1.33","0.89","4.84","-0.87","-14.88","1127322@1728747484","RBB20WBSM44R","-","-"
133,1127322,"Benny  Mcdonald","-","Sat Oct 12 2024 3:38:29 PM",1728747509,"ChangeUp","YES","-6.35","27.36",72.48,782.5,759.5,97.1,"09:30",0.8,"-","3.40","-9.37","3.4","-12.2","1.43","2.10","4.78","-1.04","-13.93","1127322@1728747509","RBB20WBSM44R","-","-"
134,1024884,"Michael Prosch","-","Thu Oct 10 2024 10:13:25 PM",1728598405,"ChangeUp","NO","1.90","14.62",70.41,1702.1,1407.1,82.7,"01:36",0.8,1.5561771,"12.27","19.81","12.3","13.2","-3.33","0.68","5.16","1.64","34.24","1024884@1728598405","RBB20WBSM44R","-","-"
135,1024884,"Michael Prosch","-","Thu Oct 10 2024 10:13:42 PM",1728598422,"ChangeUp","YES","2.59","33.50",74.13,1858.1,1538,82.8,"01:46",0.8,1.5145893,"10.98","16.69","11.0","14.6","-3.31","1.97","4.94","1.95","34.14","1024884@1728598422","RBB20WBSM44R","-","-"
136,1024884,"Michael Prosch","-","Thu Oct 10 2024 10:14:04 PM",1728598444,"ChangeUp","NO","11.10","36.82",75.67,1851,1505.8,81.4,"01:44",0.8,1.656189,"10.86","14.52","10.9","13.7","-2.23","2.08","4.89","1.81","35.56","1024884@1728598444","RBB20WBSM44R","-","-"
137,1024884,"Michael Prosch","-","Thu Oct 10 2024 10:14:22 PM",1728598462,"Cutter","YES","-8.92","38.57",72.95,1883,694.8,36.9,"01:00",0.8,1.5242157,"7.27","-3.46","7.3","3.3","-2.22","2.64","4.94","1.65","68.35","1024884@1728598462","RBB20WBSM44R","-","-"
138,1024884,"Michael Prosch","-","Thu Oct 10 2024 10:14:45 PM",1728598485,"ChangeUp","NO","14.70","27.31",71.67,1699.2,714.9,42.1,"04:42",0.8,1.4918022,"-7.03","-3.49","-7.0","4.5","-0.49","2.51","4.62","1.98","65.12","1024884@1728598485","RBB20WBSM44R","-","-"
139,1024884,"Michael Prosch","-","Thu Oct 10 2024 10:15:00 PM",1728598500,"ChangeUp","YES","2.09","37.87",75.5,1841.5,1255.8,68.2,"01:30",0.8,1.4971886,"10.81","2.16","10.8","10.2","-1.99","1.97","4.67","1.88","47.01","1024884@1728598500","RBB20WBSM44R","-","-"
140,1024884,"Michael Prosch","-","Thu Oct 10 2024 10:15:36 PM",1728598536,"Cutter","NO","-18.58","12.14",72.68,1897.1,927,48.9,"01:10",0.8,1.5631428,"9.26","-0.14","9.3","5.6","-3.57","0.79","4.70","1.83","60.75","1024884@1728598536","RBB20WBSM44R","-","-"
141,1024884,"Michael Prosch","-","Thu Oct 10 2024 10:15:57 PM",1728598557,"Fastball","NO","24.38","59.81",79.19,1848.5,1748,94.6,"01:58",0.8,1.5533333,"10.43","22.40","10.4","17.6","-1.68","3.82","4.78","1.75","18.98","1024884@1728598557","RBB20WBSM44R","-","-"
142,1024884,"Michael Prosch","-","Thu Oct 10 2024 10:16:28 PM",1728598588,"Fastball","NO","19.45","33.90",80.22,1932.7,1805.7,93.4,"01:56",0.8,1.457552,"10.92","22.34","10.9","17.7","-2.21","1.45","4.80","1.85","20.89","1024884@1728598588","RBB20WBSM44R","-","-"
143,1024884,"Michael Prosch","-","Thu Oct 10 2024 10:17:00 PM",1728598620,"Fastball","NO","20.74","47.60",79.95,1923.9,1818.5,94.5,"01:54",0.8,1.6818981,"11.19","23.42","11.2","17.1","-2.05","2.79","4.79","1.69","19.06","1024884@1728598620","RBB20WBSM44R","-","-"
144,1024884,"Michael Prosch","-","Thu Oct 10 2024 10:17:25 PM",1728598645,"-","NO","-","-",81.52,"-","-","-","-","-","-","-","-","-","-","-","-","-","-","-","1024884@1728598645","RBB20WBSM44R","-","-"
145,1024884,"Michael Prosch","-","Thu Oct 10 2024 10:18:11 PM",1728598691,"ChangeUp","NO","10.53","22.86",77.61,1847.5,1774.1,96,"01:52",0.9,1.6143093,"11.77","18.62","11.8","17.3","-2.62","0.33","4.93","1.79","16.20","1024884@1728598691","RBB20WBSM44R","-","-"
146,1024884,"Michael Prosch","-","Sat Oct 12 2024 2:35:06 PM",1728743706,"Fastball","YES","-0.22","21.49",84.3,2059.7,1916,93,"01:18",0.9,2.0981312,"15.32","17.04","15.3","12.4","-4.47","-1.96","5.32","2.63","21.53","1024884@1728743706","RBB20WBSM44R","-","-"
147,1024884,"Michael Prosch","-","Sat Oct 12 2024 2:35:20 PM",1728743720,"Slider","NO","14.15","25.71",79.17,2001.5,665.3,33.2,"00:10",0.9,2.1082153,"7.04","1.27","7.0","-0.1","-1.45","0.53","5.08","2.40","70.59","1024884@1728743720","RBB20WBSM44R","-","-"
148,1024884,"Michael Prosch","-","Sat Oct 12 2024 2:35:49 PM",1728743749,"Fastball","YES","4.23","22.74",85.2,2096.7,1725.4,82.3,"01:06",0.8,"-","14.25","13.85","14.2","9.1","-3.47","-1.03","5.12","2.32","34.62","1024884@1728743749","RBB20WBSM44R","-","-"
149,1024884,"Michael Prosch","-","Sat Oct 12 2024 2:36:26 PM",1728743786,"Cutter","NO","-6.95","-5.99",75.89,1829.5,692.7,37.9,"00:38",0.9,2.0235577,"7.73","0.37","7.7","1.9","-3.63","-2.15","5.08","2.72","67.75","1024884@1728743786","RBB20WBSM44R","-","-"
150,1024884,"Michael Prosch","-","Sat Oct 12 2024 2:36:41 PM",1728743801,"Fastball","YES","3.94","26.36",83.07,2049.9,1919.7,93.6,"01:22",0.9,2.033081,"15.07","17.82","15.1","12.9","-4.15","-0.80","5.01","2.64","20.53","1024884@1728743801","RBB20WBSM44R","-","-"
151,1024884,"Michael Prosch","-","Sat Oct 12 2024 2:37:01 PM",1728743821,"Slider","NO","1.06","16.01",72.71,1950.9,704.6,36.1,"07:54",0.9,1.8918056,"-4.08","-3.69","-4.1","-8.1","-2.44","0.70","4.98","2.65","68.83","1024884@1728743821","RBB20WBSM44R","-","-"
152,1024884,"Michael Prosch","-","Sat Oct 12 2024 2:37:16 PM",1728743836,"Slider","NO","16.06","30.55",71.17,1766.6,844.1,47.8,"07:34",0.8,1.9187717,"-6.88","-4.13","-6.9","-8.9","-0.98","2.14","5.05","2.59","61.46","1024884@1728743836","RBB20WBSM44R","-","-"
153,1024884,"Michael Prosch","-","Sat Oct 12 2024 2:37:39 PM",1728743859,"Fastball","YES","0.21","33.72",81.52,1971.6,1626,82.5,"00:58",0.8,2.0154,"15.19","14.14","15.2","8.3","-4.07","0.11","5.12","2.57","34.44","1024884@1728743859","RBB20WBSM44R","-","-"
154,1024884,"Michael Prosch","-","Sat Oct 12 2024 2:38:03 PM",1728743883,"ChangeUp","NO","20.76","25.35",76.21,1782.6,661.1,37.1,"05:02",0.7,2.1122856,"-6.22","-2.02","-6.2","2.6","-0.68","1.67","4.92","2.52","68.23","1024884@1728743883","RBB20WBSM44R","-","-"
155,1024884,"Michael Prosch","-","Sat Oct 12 2024 2:38:19 PM",1728743899,"Fastball","NO","10.98","26.54",82.72,1969.1,1820,92.4,"01:14",0.8,"-","14.75","13.21","14.7","11.2","-3.06","-0.14","5.04","2.59","22.44","1024884@1728743899","RBB20WBSM44R","-","-"
156,1024884,"Michael Prosch","-","Sat Oct 12 2024 2:38:35 PM",1728743915,"Slider","NO","19.04","25.54",72.7,1948,760.4,39,"07:48",0.9,1.8877945,"-4.86","-4.18","-4.9","-8.3","-0.69","1.48","5.06","2.57","67.02","1024884@1728743915","RBB20WBSM44R","-","-"
157,1024884,"Michael Prosch","-","Sat Oct 12 2024 2:38:51 PM",1728743931,"Slider","YES","7.54","23.93",71.47,1886.8,777.5,41.2,"07:54",0.9,2.0277004,"-4.79","-5.28","-4.8","-8.8","-1.75","1.94","4.98","2.67","65.66","1024884@1728743931","RBB20WBSM44R","-","-"
158,1024884,"Michael Prosch","-","Sat Oct 12 2024 2:39:22 PM",1728743962,"Fastball","NO","7.42","7.12",83.05,2025.1,1824.9,90.1,"00:54",0.7,"-","16.47","17.24","16.5","8.5","-3.60","-2.26","5.20","2.44","25.69","1024884@1728743962","RBB20WBSM44R","-","-"
159,1024884,"Michael Prosch","-","Sat Oct 12 2024 2:39:39 PM",1728743979,"Fastball","YES","8.34","33.78",83.32,2003.4,1840.6,91.9,"00:54",0.8,"-","16.60","13.22","16.6","8.4","-3.18","0.07","5.18","2.48","23.25","1024884@1728743979","RBB20WBSM44R","-","-"
160,1024884,"Michael Prosch","-","Sat Oct 12 2024 2:40:09 PM",1728744009,"Fastball","YES","9.55","31.52",83.95,2042.6,1715.7,84,"01:02",0.8,2.1124973,"14.88","16.20","14.9","8.8","-3.61","-0.41","5.18","2.73","32.87","1024884@1728744009","RBB20WBSM44R","-","-"
161,1024884,"Michael Prosch","-","Sat Oct 12 2024 2:40:41 PM",1728744041,"Cutter","NO","12.49","25.04",78.84,1916.2,746.9,39,"00:52",0.9,2.0784397,"7.28","0.57","7.3","2.9","-1.66","0.51","5.06","2.51","67.06","1024884@1728744041","RBB20WBSM44R","-","-"
162,1024884,"Michael Prosch","-","Sat Oct 12 2024 2:41:19 PM",1728744079,"Slider","NO","16.39","28.72",79.57,1973,648.8,32.9,"00:02",0.9,2.0521488,"7.02","4.02","7.0","-0.5","-1.89","0.81","4.91","2.76","70.80","1024884@1728744079","RBB20WBSM44R","-","-"
163,1024884,"Michael Prosch","-","Sat Oct 12 2024 2:42:01 PM",1728744121,"Fastball","YES","0.60","27.60",84.66,2007.1,1853.6,92.4,"01:14",0.8,"-","14.95","14.68","14.9","11.2","-4.05","-0.41","5.12","2.47","22.55","1024884@1728744121","RBB20WBSM44R","-","-"
164,1024884,"Michael Prosch","-","Sat Oct 12 2024 2:54:02 PM",1728744842,"Fastball","NO","1.47","17.98",84.13,1961.1,1828.2,93.2,"01:18",0.8,"-","14.73","17.54","14.7","11.9","-4.03","-1.63","5.04","2.31","21.22","1024884@1728744842","RBB20WBSM44R","-","-"
165,1024884,"Michael Prosch","-","Sat Oct 12 2024 2:54:14 PM",1728744854,"Fastball","NO","-19.22","10.66",84.11,2062,1778,86.2,"01:26",0.8,2.0830555,"13.27","18.53","13.3","12.3","-5.84","-2.12","5.15","2.17","30.43","1024884@1728744854","RBB20WBSM44R","-","-"
166,1024884,"Michael Prosch","-","Sat Oct 12 2024 2:54:30 PM",1728744870,"Fastball","YES","1.32","19.86",84.04,2087,1909.3,91.5,"01:16",0.8,2.1436768,"15.00","16.61","15.0","11.9","-4.11","-0.92","5.06","2.46","23.82","1024884@1728744870","RBB20WBSM44R","-","-"
167,1024884,"Michael Prosch","-","Sat Oct 12 2024 2:55:00 PM",1728744900,"Cutter","YES","0.46","21.23",78.18,1832.3,947.8,51.7,"00:52",0.8,2.0356903,"9.54","2.56","9.5","4.1","-3.20","0.58","4.79","2.75","58.85","1024884@1728744900","RBB20WBSM44R","-","-"
168,1024884,"Michael Prosch","-","Sat Oct 12 2024 2:55:13 PM",1728744913,"Cutter","NO","-13.52","19.48",78.2,1806.7,756.2,41.9,"00:58",0.9,1.9379845,"7.61","4.17","7.6","3.5","-4.73","0.35","4.84","2.89","65.26","1024884@1728744913","RBB20WBSM44R","-","-"
169,1024884,"Michael Prosch","-","Sat Oct 12 2024 2:55:28 PM",1728744928,"Slider","NO","-4.42","4.26",72.22,1871,830.1,44.4,"07:36",0.9,1.9731388,"-6.16","-8.09","-6.2","-8.5","-2.52","-0.21","4.98","2.62","63.66","1024884@1728744928","RBB20WBSM44R","-","-"
170,1024884,"Michael Prosch","-","Sat Oct 12 2024 2:55:49 PM",1728744949,"Slider","NO","-5.04","13.84",71.64,1853.2,852.6,46,"07:40",0.9,2.0973053,"-6.06","-8.81","-6.1","-8.8","-2.65","1.35","4.85","2.73","62.61","1024884@1728744949","RBB20WBSM44R","-","-"
171,1024884,"Michael Prosch","-","Sat Oct 12 2024 2:56:06 PM",1728744966,"Slider","YES","-3.91","22.78",72.67,1847.7,921.4,49.9,"07:26",0.8,1.8990479,"-7.95","-7.06","-8.0","-8.7","-2.72","1.24","4.95","2.77","60.09","1024884@1728744966","RBB20WBSM44R","-","-"
172,1024884,"Michael Prosch","-","Sat Oct 12 2024 2:56:26 PM",1728744986,"Fastball","YES","5.73","29.94",84.35,2003.6,1834.4,91.6,"01:18",0.8,"-","14.42","16.89","14.4","11.6","-3.66","-0.08","5.03","2.36","23.72","1024884@1728744986","RBB20WBSM44R","-","-"
173,1024884,"Michael Prosch","-","Sat Oct 12 2024 2:56:55 PM",1728745015,"ChangeUp","NO","2.99","17.24",75.91,1147.6,1113,97,"02:00",0.8,"-","7.95","16.74","8.0","13.4","-4.43","0.46","4.86","2.87","14.10","1024884@1728745015","RBB20WBSM44R","-","-"
174,1024884,"Michael Prosch","-","Sat Oct 12 2024 2:57:15 PM",1728745035,"ChangeUp","NO","17.76","41.29",77.5,1087.8,1085.2,99.8,"02:02",0.9,2.049139,"7.65","17.50","7.7","13.8","-3.16","1.48","4.95","2.91","3.96","1024884@1728745035","RBB20WBSM44R","-","-"
175,1024884,"Michael Prosch","-","Sat Oct 12 2024 2:57:40 PM",1728745060,"Slider","YES","5.26","22.82",80.38,1880.9,577.1,30.7,"05:50",0.8,2.0427132,"-4.35","3.64","-4.3","-0.5","-2.77","0.78","4.85","2.67","72.13","1024884@1728745060","RBB20WBSM44R","-","-"
176,1024884,"Michael Prosch","-","Sat Oct 12 2024 2:58:04 PM",1728745084,"CurveBall","NO","5.38","2.32",72.65,1920.9,1121.1,58.4,"07:24",0.9,2.099535,"-9.27","-14.84","-9.3","-9.8","-0.88","0.10","4.91","2.49","54.29","1024884@1728745084","RBB20WBSM44R","-","-"
177,1127256,"Bryce Anderson","-","Sat Oct 12 2024 2:01:41 PM",1728741701,"Fastball","NO","-10.78","27.51",79.89,1943.5,1564.6,80.5,"10:18",0.9,1.929182,"10.83","-13.86","10.8","-13.0","1.87","-0.01","5.26","-1.47","-36.38","1127256@1728741701","RBB20WBSM44R","-","-"
178,1127256,"Bryce Anderson","-","Sat Oct 12 2024 2:01:52 PM",1728741712,"Fastball","NO","5.04","12.53",80.63,1900.2,1588.7,83.6,"10:30",0.8,1.8312931,"12.80","-19.00","12.8","-12.2","3.73","-1.82","5.37","-1.45","-33.27","1127256@1728741712","RBB20WBSM44R","-","-"
179,1127256,"Bryce Anderson","-","Sat Oct 12 2024 2:02:03 PM",1728741723,"Fastball","YES","-7.39","24.92",79.78,1879.7,1479.7,78.7,"10:22",0.9,1.9639854,"11.00","-14.83","11.0","-12.0","2.45","-0.29","5.29","-1.63","-38.07","1127256@1728741723","RBB20WBSM44R","-","-"
180,1127256,"Bryce Anderson","-","Sat Oct 12 2024 2:02:17 PM",1728741737,"Slider","YES","0.30","23.21",73.46,2088,66.7,3.2,"05:02",0.9,1.9622517,"-0.55","4.73","-0.6","1.5","1.28","1.29","5.26","-1.55","-88.17","1127256@1728741737","RBB20WBSM44R","-","-"
181,1127256,"Bryce Anderson","-","Sat Oct 12 2024 2:02:47 PM",1728741767,"ChangeUp","NO","-10.03","18.05",70.31,1615.6,1246.1,77.1,"09:46",0.8,2.1328087,"6.02","-11.75","6.0","-13.8","2.26","1.56","4.77","-1.91","-39.53","1127256@1728741767","RBB20WBSM44R","-","-"
182,1127256,"Bryce Anderson","-","Sat Oct 12 2024 2:02:58 PM",1728741778,"ChangeUp","NO","-18.17","25.40",70.69,1586.2,1193.3,75.2,"09:36",0.9,2.0355015,"4.82","-12.93","4.8","-13.8","1.77","1.96","4.59","-2.05","-41.21","1127256@1728741778","RBB20WBSM44R","-","-"
183,1127256,"Bryce Anderson","-","Sat Oct 12 2024 2:03:16 PM",1728741796,"Slider","YES","4.42","22.33",71.14,2028.2,127.6,6.3,"03:10",0.9,1.8747978,"-0.03","0.10","-0.0","2.6","2.52","1.35","4.88","-1.97","-86.39","1127256@1728741796","RBB20WBSM44R","-","-"
184,1127256,"Bryce Anderson","-","Sat Oct 12 2024 2:03:30 PM",1728741810,"ChangeUp","YES","-7.84","23.10",73.71,1527,1224.6,80.2,"09:48",0.9,1.9469395,"6.68","-11.02","6.7","-13.9","2.43","0.51","4.81","-1.97","-36.68","1127256@1728741810","RBB20WBSM44R","-","-"
185,1127256,"Bryce Anderson","-","Sat Oct 12 2024 2:04:02 PM",1728741842,"ChangeUp","NO","12.06","18.12",70.78,1501.3,1168,77.8,"09:48",0.9,"-","6.39","-10.97","6.4","-13.1","4.12","0.55","4.75","-1.81","-38.93","1127256@1728741842","RBB20WBSM44R","-","-"
186,1127256,"Bryce Anderson","-","Sat Oct 12 2024 2:04:13 PM",1728741853,"Fastball","NO","13.12","10.93",80.14,1936.4,1538.7,79.5,"10:18",0.9,"-","10.42","-15.07","10.4","-12.3","4.34","-1.87","5.09","-1.58","-37.38","1127256@1728741853","RBB20WBSM44R","-","-"
187,1127256,"Bryce Anderson","-","Sat Oct 12 2024 2:04:25 PM",1728741865,"Fastball","NO","15.89","1.71",80.04,1927.5,1456.1,75.5,"10:20",0.9,1.9736042,"10.69","-17.32","10.7","-11.9","4.88","-2.41","5.18","-1.71","-40.93","1127256@1728741865","RBB20WBSM44R","-","-"
188,1127256,"Bryce Anderson","-","Sat Oct 12 2024 2:04:45 PM",1728741885,"Fastball","YES","-4.14","24.55",80.9,1852.3,1397.3,75.4,"10:42",0.8,1.8882332,"12.48","-16.10","12.5","-9.4","2.86","-0.51","5.32","-1.64","-41.03","1127256@1728741885","RBB20WBSM44R","-","-"
189,1127256,"Bryce Anderson","-","Sat Oct 12 2024 2:04:57 PM",1728741897,"Fastball","NO","22.21","20.11",80.62,1932.1,1432.7,74.1,"10:42",0.9,2.0158482,"12.35","-13.63","12.4","-9.3","4.78","-1.09","5.34","-1.39","-42.14","1127256@1728741897","RBB20WBSM44R","-","-"
190,1127256,"Bryce Anderson","-","Sat Oct 12 2024 2:05:26 PM",1728741926,"ChangeUp","YES","6.90","24.83",71.17,1387.5,1170.2,84.3,"10:12",0.9,"-","9.30","-10.65","9.3","-12.2","3.45","1.08","5.03","-1.66","-32.50","1127256@1728741926","RBB20WBSM44R","-","-"
191,1127256,"Bryce Anderson","-","Sat Oct 12 2024 2:05:42 PM",1728741942,"Slider","NO","-16.63","42.06",71.75,1971,336.5,17.1,"02:22",0.9,2.0320816,"1.35","6.65","1.4","4.7","-0.23","3.14","5.17","-1.73","-80.17","1127256@1728741942","RBB20WBSM44R","-","-"
192,1127256,"Bryce Anderson","-","Sat Oct 12 2024 2:05:55 PM",1728741955,"ChangeUp","NO","6.48","16.94",74.01,1497.7,1122.8,75,"09:52",0.9,1.7017593,"6.57","-7.17","6.6","-13.0","3.20","-0.11","5.01","-1.85","-41.44","1127256@1728741955","RBB20WBSM44R","-","-"
193,1127256,"Bryce Anderson","-","Sat Oct 12 2024 2:06:12 PM",1728741972,"ChangeUp","NO","-12.85","29.35",61.73,1253.5,972.2,77.6,"09:44",0.8,"-","5.39","-4.45","5.4","-12.8","1.45","3.96","4.83","-2.02","-39.14","1127256@1728741972","RBB20WBSM44R","-","-"
194,1127256,"Bryce Anderson","-","Sat Oct 12 2024 2:06:31 PM",1728741991,"Slider","NO","7.36","0.90",72.36,2075.8,173.2,8.3,"03:12",0.9,1.9990578,"-0.08","5.22","-0.1","3.0","1.92","-0.41","5.06","-1.58","-85.21","1127256@1728741991","RBB20WBSM44R","-","-"
195,1127256,"Bryce Anderson","-","Sat Oct 12 2024 2:19:06 PM",1728742746,"Fastball","NO","7.97","12.40",80.18,1889.2,1564.7,82.8,"10:22",0.9,2.0240993,"11.58","-14.96","11.6","-12.6","3.57","-1.44","5.28","-1.36","-34.08","1127256@1728742746","RBB20WBSM44R","-","-"
196,1127256,"Bryce Anderson","-","Sat Oct 12 2024 2:19:19 PM",1728742759,"Fastball","NO","6.13","10.51",80.38,1899.3,1514.2,79.7,"10:22",0.8,2.0481014,"10.94","-17.06","10.9","-12.2","3.70","-1.33","5.25","-1.45","-37.13","1127256@1728742759","RBB20WBSM44R","-","-"
197,1127256,"Bryce Anderson","-","Sat Oct 12 2024 2:19:31 PM",1728742771,"Fastball","YES","-9.10","30.61",80.02,1878.3,1440.2,76.7,"10:42",0.9,1.9195004,"12.46","-14.34","12.5","-9.7","1.97","-0.28","5.44","-1.38","-39.94","1127256@1728742771","RBB20WBSM44R","-","-"
198,1127256,"Bryce Anderson","-","Sat Oct 12 2024 2:19:44 PM",1728742784,"Fastball","NO","0.72","14.69",79.68,1863.5,1330.7,71.4,"10:40",0.9,2.0902805,"11.40","-9.75","11.4","-9.0","2.33","-1.66","5.51","-1.25","-44.43","1127256@1728742784","RBB20WBSM44R","-","-"
199,1127256,"Bryce Anderson","-","Sat Oct 12 2024 2:20:08 PM",1728742808,"ChangeUp","YES","-5.06","31.11",71.85,1550.2,1251.9,80.8,"09:46",0.8,1.9222317,"6.52","-8.80","6.5","-14.4","2.38","0.91","4.83","-1.88","-36.14","1127256@1728742808","RBB20WBSM44R","-","-"
200,1127256,"Bryce Anderson","-","Sat Oct 12 2024 2:20:24 PM",1728742824,"ChangeUp","NO","-5.53","16.31",72.16,1488.2,1215,81.6,"09:44",0.8,1.768137,"6.20","-11.95","6.2","-14.7","2.59","1.12","4.74","-1.87","-35.27","1127256@1728742824","RBB20WBSM44R","-","-"
201,1127256,"Bryce Anderson","-","Sat Oct 12 2024 2:20:53 PM",1728742853,"Fastball","NO","-14.45","28.50",79.8,1925.3,1772.4,92.1,"10:36",0.9,1.9832458,"14.54","-12.01","14.5","-12.8","1.64","-0.30","5.15","-1.71","-22.99","1127256@1728742853","RBB20WBSM44R","-","-"
202,1127256,"Bryce Anderson","-","Sat Oct 12 2024 2:21:04 PM",1728742864,"Fastball","YES","2.45","28.54",80.91,1902,1610.9,84.7,"10:30",0.9,"-","12.16","-11.35","12.2","-11.6","2.82","-0.27","5.19","-1.41","-32.12","1127256@1728742864","RBB20WBSM44R","-","-"
203,1127256,"Bryce Anderson","-","Sat Oct 12 2024 2:21:31 PM",1728742891,"ChangeUp","YES","1.92","20.46",70.28,1545.6,1350.2,87.4,"09:36",0.8,1.9734039,"5.53","-9.16","5.5","-16.3","3.12","0.89","4.81","-1.95","-29.13","1127256@1728742891","RBB20WBSM44R","-","-"
204,1127256,"Bryce Anderson","-","Sat Oct 12 2024 2:22:01 PM",1728742921,"Fastball","NO","-3.74","12.54",78.57,1779.2,1470.5,82.7,"10:24",1,2.0805473,"11.51","-12.88","11.5","-12.0","2.52","-1.90","5.24","-1.54","-34.26","1127256@1728742921","RBB20WBSM44R","-","-"
205,1127256,"Bryce Anderson","-","Sat Oct 12 2024 2:22:14 PM",1728742934,"Fastball","NO","6.37","16.08",80.04,1923.6,1555.5,80.9,"10:24",0.9,2.0989628,"11.18","-13.48","11.2","-12.1","3.36","-1.20","5.33","-1.40","-36.04","1127256@1728742934","RBB20WBSM44R","-","-"
206,1127518,"Evan  Bennerotte","-","Sat Oct 12 2024 1:50:59 PM",1728741059,"Fastball","NO","-13.44","-1.01",81.62,2093,1480.9,70.8,"01:08",0.8,"-","12.42","1.69","12.4","8.0","-4.57","-2.80","4.91","2.84","44.96","1127518@1728741059","RBB20WBSM44R","-","-"
207,1127518,"Evan  Bennerotte","-","Sat Oct 12 2024 1:51:19 PM",1728741079,"Fastball","YES","9.05","19.41",82.94,2259.9,1838.2,81.3,"01:02",1,"-","14.91","8.95","14.9","8.7","-3.25","-1.50","4.94","2.92","35.57","1127518@1728741079","RBB20WBSM44R","-","-"
208,1127518,"Evan  Bennerotte","-","Sat Oct 12 2024 1:51:35 PM",1728741095,"Fastball","YES","-0.65","18.41",82.27,2117.5,1511.7,71.4,"01:12",0.8,"-","12.08","1.84","12.1","8.5","-3.46","-1.05","4.89","2.88","44.45","1127518@1728741095","RBB20WBSM44R","-","-"
209,1127518,"Evan  Bennerotte","-","Sat Oct 12 2024 1:52:01 PM",1728741121,"Slider","NO","-24.39","9.33",75.62,2480.6,438.9,17.7,"11:02",0.9,"-","3.73","-5.48","3.7","-3.0","-5.41","-0.09","4.38","3.31","79.81","1127518@1728741121","RBB20WBSM44R","-","-"
210,1127518,"Evan  Bennerotte","-","Sat Oct 12 2024 1:52:19 PM",1728741139,"Fastball","NO","13.73","29.87",82.04,2177.3,1597,73.3,"01:12",0.9,"-","12.60","5.77","12.6","8.8","-2.60","-0.29","4.91","2.99","42.82","1127518@1728741139","RBB20WBSM44R","-","-"
211,1127518,"Evan  Bennerotte","-","Sat Oct 12 2024 1:52:41 PM",1728741161,"Fastball","NO","26.11","24.35",81.02,1892.7,1416.3,74.8,"01:26",0.8,2.0871258,"11.28","15.91","11.3","10.1","-2.64","0.38","4.51","3.25","41.56","1127518@1728741161","RBB20WBSM44R","-","-"
212,1127518,"Evan  Bennerotte","-","Sat Oct 12 2024 1:53:11 PM",1728741191,"Fastball","YES","3.10","30.84",81.81,1966,1634.6,83.1,"01:38",0.9,"-","10.98","15.96","11.0","12.6","-4.53","0.30","4.67","3.02","33.75","1127518@1728741191","RBB20WBSM44R","-","-"
213,1127518,"Evan  Bennerotte","-","Sat Oct 12 2024 1:53:36 PM",1728741216,"Fastball","NO","16.52","8.36",80.8,1943.9,1601.8,82.4,"01:36",0.8,"-","11.20","12.75","11.2","12.2","-3.02","-0.35","4.41","3.00","34.51","1127518@1728741216","RBB20WBSM44R","-","-"
214,1127518,"Evan  Bennerotte","-","Sat Oct 12 2024 1:53:57 PM",1728741237,"Fastball","NO","21.59","24.37",82.62,2216.3,1609.8,72.6,"01:16",1,"-","12.11","9.19","12.1","9.3","-2.11","-1.14","5.03","2.93","43.42","1127518@1728741237","RBB20WBSM44R","-","-"
215,1127518,"Evan  Bennerotte","-","Sat Oct 12 2024 1:54:16 PM",1728741256,"Fastball","NO","18.12","28.55",83.19,2225.7,1781.9,80.1,"00:58",1,"-","14.88","9.52","14.9","8.2","-2.29","-0.91","4.99","2.76","36.81","1127518@1728741256","RBB20WBSM44R","-","-"
216,1127518,"Evan  Bennerotte","-","Sat Oct 12 2024 1:54:41 PM",1728741281,"Fastball","NO","20.29","21.03",82.76,2108.2,1429.4,67.8,"01:12",0.8,"-","11.51","1.05","11.5","7.9","-1.45","-0.79","4.95","2.89","47.31","1127518@1728741281","RBB20WBSM44R","-","-"
217,1127518,"Evan  Bennerotte","-","Sat Oct 12 2024 1:55:01 PM",1728741301,"Fastball","NO","31.29","42.31",83.33,2248,1834.1,81.6,"01:06",0.9,"-","14.47","7.11","14.5","9.2","-0.95","0.88","4.93","2.86","35.33","1127518@1728741301","RBB20WBSM44R","-","-"
218,1127518,"Evan  Bennerotte","-","Sat Oct 12 2024 1:55:30 PM",1728741330,"Slider","YES","-7.21","36.25",74.93,2443.7,479.1,19.6,"10:06",0.9,"-","2.63","-4.93","2.6","-4.9","-3.74","2.72","4.41","3.21","78.69","1127518@1728741330","RBB20WBSM44R","-","-"
219,1127518,"Evan  Bennerotte","-","Sat Oct 12 2024 1:55:52 PM",1728741352,"Fastball","NO","12.80","16.69",82.45,2286.1,1638.4,71.7,"01:08",0.9,"-","12.91","4.04","12.9","8.3","-2.31","-1.58","4.97","2.78","44.22","1127518@1728741352","RBB20WBSM44R","-","-"
220,1127518,"Evan  Bennerotte","-","Sat Oct 12 2024 1:56:15 PM",1728741375,"Slider","NO","-16.13","15.39",74.97,2497.9,608.6,24.4,"10:04",0.8,1.8091068,"3.39","-10.78","3.4","-6.2","-4.17","1.28","4.25","3.43","75.90","1127518@1728741375","RBB20WBSM44R","-","-"
221,1127518,"Evan  Bennerotte","-","Sat Oct 12 2024 1:57:04 PM",1728741424,"Fastball","NO","10.55","35.29",81.32,2086.5,1714.5,82.2,"01:06",1,"-","14.42","9.07","14.4","9.2","-3.05","-0.05","4.99","2.87","34.74","1127518@1728741424","RBB20WBSM44R","-","-"
222,1127518,"Evan  Bennerotte","-","Sat Oct 12 2024 1:57:53 PM",1728741473,"Fastball","NO","18.52","29.00",79.85,2004.9,1518.9,75.8,"01:20",0.8,"-","11.80","13.74","11.8","9.8","-2.99","0.82","4.56","3.09","40.75","1127518@1728741473","RBB20WBSM44R","-","-"
223,1127518,"Evan  Bennerotte","-","Sat Oct 12 2024 1:58:18 PM",1728741498,"Slider","NO","9.27","16.56",73.31,2489.8,827.1,33.2,"09:34",0.9,"-","2.37","-9.11","2.4","-8.6","-1.96","1.24","4.31","3.32","70.60","1127518@1728741498","RBB20WBSM44R","-","-"
224,1127518,"Evan  Bennerotte","-","Sat Oct 12 2024 1:58:37 PM",1728741517,"Slider","NO","-1.49","13.61",74.12,2471.7,827.5,33.5,"09:34",0.9,"-","2.51","-9.70","2.5","-8.5","-2.68","1.08","4.17","3.10","70.44","1127518@1728741517","RBB20WBSM44R","-","-"
225,1127518,"Evan  Bennerotte","-","Sat Oct 12 2024 1:59:03 PM",1728741543,"Fastball","YES","2.46","18.95",80.11,1947.6,1562.9,80.2,"01:40",0.8,"-","10.50","14.74","10.5","12.3","-4.63","0.43","4.41","3.12","36.63","1127518@1728741543","RBB20WBSM44R","-","-"
226,1249540,"Logan Grinnell","-","Sat Oct 12 2024 2:09:17 PM",1728742157,"Fastball","NO","-0.71","11.61",83.8,2019,1878.5,93,"01:12",0.9,2.0152798,"15.77","8.94","15.8","11.6","-4.08","-1.80","4.77","2.93","21.50","1249540@1728742157","RBB20WBSM44R","-","-"
227,1249540,"Logan Grinnell","-","Sat Oct 12 2024 2:09:28 PM",1728742168,"Fastball","NO","12.62","27.63",83.8,2133,2026.5,95,"01:14",0.9,2.0624275,"16.10","6.97","16.1","12.3","-2.55","-0.72","4.79","2.80","18.18","1249540@1728742168","RBB20WBSM44R","-","-"
228,1249540,"Logan Grinnell","-","Sat Oct 12 2024 2:09:51 PM",1728742191,"Fastball","NO","0.58","14.58",85.14,2080.6,1988.4,95.6,"01:22",0.9,"-","14.85","11.12","14.9","12.8","-4.09","-1.60","4.80","2.83","17.12","1249540@1728742191","RBB20WBSM44R","-","-"
229,1249540,"Logan Grinnell","-","Sat Oct 12 2024 2:10:08 PM",1728742208,"Fastball","YES","-1.03","19.10",83.02,2153.4,1802.6,83.7,"01:00",0.9,1.9287033,"15.86","9.43","15.9","9.2","-3.83","-1.20","4.85","2.66","33.17","1249540@1728742208","RBB20WBSM44R","-","-"
230,1249540,"Logan Grinnell","-","Sat Oct 12 2024 2:10:46 PM",1728742246,"Fastball","NO","10.27","12.20",82.9,2121.8,1980,93.3,"01:22",0.9,"-","14.77","8.65","14.8","12.6","-2.45","-1.60","4.73","2.35","21.06","1249540@1728742246","RBB20WBSM44R","-","-"
231,1249540,"Logan Grinnell","-","Sat Oct 12 2024 2:11:29 PM",1728742289,"Fastball","NO","24.11","36.72",81.85,2122.8,2006.1,94.5,"01:10",0.9,1.8238792,"17.27","13.93","17.3","11.9","-1.40","-0.47","5.05","2.15","19.09","1249540@1728742289","RBB20WBSM44R","-","-"
232,1249540,"Logan Grinnell","-","Sat Oct 12 2024 2:11:50 PM",1728742310,"Cutter","NO","-1.46","6.11",77.2,2226.1,842.9,37.9,"00:50",0.9,1.9429188,"7.81","0.85","7.8","2.9","-2.36","-0.96","4.86","1.98","67.75","1249540@1728742310","RBB20WBSM44R","-","-"
233,1249540,"Logan Grinnell","-","Sat Oct 12 2024 2:12:13 PM",1728742333,"Slider","YES","3.23","22.50",78.03,2245.6,828.2,36.9,"00:12",0.9,1.9640923,"8.40","-0.62","8.4","0.1","-1.74","0.05","4.98","1.92","68.36","1249540@1728742333","RBB20WBSM44R","-","-"
234,1249540,"Logan Grinnell","-","Sat Oct 12 2024 2:12:51 PM",1728742371,"Cutter","YES","9.47","24.17",78.53,2199.7,848.4,38.6,"00:54",1,1.8639393,"7.77","2.67","7.8","3.3","-1.56","-0.10","4.89","2.01","67.31","1249540@1728742371","RBB20WBSM44R","-","-"
235,1249540,"Logan Grinnell","-","Sat Oct 12 2024 2:13:09 PM",1728742389,"Cutter","NO","16.33","28.48",78.5,2280,843.9,37,"01:04",0.9,1.976471,"7.25","1.64","7.2","3.7","-1.02","0.83","4.79","2.17","68.28","1249540@1728742389","RBB20WBSM44R","-","-"
236,1249540,"Logan Grinnell","-","Sat Oct 12 2024 2:13:26 PM",1728742406,"Fastball","NO","10.91","39.79",84.12,2142.8,1963.8,91.6,"01:20",1,1.9587364,"15.04","12.31","15.0","12.6","-2.63","0.18","4.87","2.30","23.58","1249540@1728742406","RBB20WBSM44R","-","-"
237,1249540,"Logan Grinnell","-","Sat Oct 12 2024 2:13:44 PM",1728742424,"Cutter","NO","27.30","38.39",79.86,2218.8,1053.8,47.5,"00:46",0.9,1.8389034,"10.03","9.09","10.0","3.6","-0.64","0.82","4.97","2.11","61.65","1249540@1728742424","RBB20WBSM44R","-","-"
238,1249540,"Logan Grinnell","-","Sat Oct 12 2024 2:14:18 PM",1728742458,"Cutter","NO","21.99","30.26",77.75,2362.8,1109.9,47,"00:28",0.9,1.877636,"10.67","1.77","10.7","2.1","-0.47","0.81","4.92","2.12","61.98","1249540@1728742458","RBB20WBSM44R","-","-"
239,1249540,"Logan Grinnell","-","Sat Oct 12 2024 2:14:58 PM",1728742498,"Fastball","YES","9.63","39.26",83.89,2188.1,1984.6,90.7,"01:18",1,1.91465,"15.52","11.20","15.5","12.4","-2.61","0.16","4.86","2.27","24.90","1249540@1728742498","RBB20WBSM44R","-","-"
240,1249540,"Logan Grinnell","-","Sat Oct 12 2024 2:15:21 PM",1728742521,"Slider","YES","6.14","30.92",78,2315.6,836.7,36.1,"00:12",0.9,1.9890347,"8.29","-1.87","8.3","0.1","-1.51","0.92","4.90","2.05","68.82","1249540@1728742521","RBB20WBSM44R","-","-"
241,1249540,"Logan Grinnell","-","Sat Oct 12 2024 2:15:43 PM",1728742543,"Slider","NO","11.22","44.28",77.11,2374.5,687.3,28.9,"11:48",0.9,1.9424896,"6.83","-4.53","6.8","-1.6","-0.55","2.05","5.09","1.82","73.17","1249540@1728742543","RBB20WBSM44R","-","-"
242,1249540,"Logan Grinnell","-","Sat Oct 12 2024 2:16:02 PM",1728742562,"Fastball","YES","1.58","30.55",83.39,2064.6,1863.7,90.3,"00:56",1,1.9468403,"17.13","7.41","17.1","9.0","-2.86","-0.77","4.98","2.15","25.49","1249540@1728742562","RBB20WBSM44R","-","-"
243,1249540,"Logan Grinnell","-","Sat Oct 12 2024 2:16:26 PM",1728742586,"Fastball","NO","-10.23","26.36",83.02,2126.7,1943.1,91.4,"01:16",1,1.8415184,"15.92","10.85","15.9","12.3","-4.30","-0.71","4.74","2.23","23.99","1249540@1728742586","RBB20WBSM44R","-","-"
244,1249540,"Logan Grinnell","-","Sat Oct 12 2024 2:24:25 PM",1728743065,"Fastball","NO","-0.37","10.59",82,2046.5,1852.2,90.5,"00:56",0.9,1.8834991,"17.49","10.48","17.5","9.1","-3.96","-2.14","4.98","2.75","25.17","1249540@1728743065","RBB20WBSM44R","-","-"
245,1249540,"Logan Grinnell","-","Sat Oct 12 2024 2:24:37 PM",1728743077,"Fastball","NO","0.02","15.26",83.13,2140.3,1797.4,84,"01:02",0.9,1.9626789,"15.74","10.16","15.7","9.3","-4.09","-1.48","4.81","2.91","32.88","1249540@1728743077","RBB20WBSM44R","-","-"
246,1249540,"Logan Grinnell","-","Sat Oct 12 2024 2:24:50 PM",1728743090,"Fastball","NO","-14.87","1.26",82.69,2108.4,1963.4,93.1,"01:12",0.9,1.9530678,"16.66","11.76","16.7","12.1","-5.46","-2.54","4.80","2.81","21.37","1249540@1728743090","RBB20WBSM44R","-","-"
247,1249540,"Logan Grinnell","-","Sat Oct 12 2024 2:25:08 PM",1728743108,"Fastball","YES","1.88","29.49",82.67,2124.5,1930.3,90.9,"00:58",1,1.8734169,"17.50","9.21","17.5","9.6","-3.63","-0.57","4.83","2.74","24.69","1249540@1728743108","RBB20WBSM44R","-","-"
248,1249540,"Logan Grinnell","-","Sat Oct 12 2024 2:25:28 PM",1728743128,"Fastball","NO","13.93","48.07",83.62,2080.7,1900.3,91.3,"01:18",0.9,2.0030193,"14.97","7.56","15.0","12.2","-2.48","1.44","4.66","2.81","24.03","1249540@1728743128","RBB20WBSM44R","-","-"
249,1249540,"Logan Grinnell","-","Sat Oct 12 2024 2:25:42 PM",1728743142,"Fastball","YES","3.14","21.02",83.12,2132.9,1981.1,92.9,"01:12",0.8,2.1048813,"16.05","5.88","16.1","11.6","-3.31","-0.94","4.74","2.79","21.75","1249540@1728743142","RBB20WBSM44R","-","-"
250,1249540,"Logan Grinnell","-","Sat Oct 12 2024 2:26:07 PM",1728743167,"Slider","YES","4.80","33.39",78.95,2245.5,760.4,33.9,"00:12",0.9,2.1086578,"7.54","0.76","7.5","0.0","-2.22","1.45","4.93","2.36","70.21","1249540@1728743167","RBB20WBSM44R","-","-"
251,1249540,"Logan Grinnell","-","Sat Oct 12 2024 2:26:36 PM",1728743196,"Cutter","NO","17.55","4.79",77.48,2157.3,1007.7,46.7,"00:34",0.9,1.9818916,"10.16","3.06","10.2","2.5","-0.97","-1.76","5.02","2.10","62.15","1249540@1728743196","RBB20WBSM44R","-","-"
252,1249540,"Logan Grinnell","-","Sat Oct 12 2024 2:27:00 PM",1728743220,"Fastball","NO","13.33","14.00",83.4,2134,1919.1,89.9,"00:52",0.9,2.0882854,"17.09","9.76","17.1","8.4","-2.17","-1.43","4.74","2.27","25.94","1249540@1728743220","RBB20WBSM44R","-","-"
253,1249540,"Logan Grinnell","-","Sat Oct 12 2024 2:27:49 PM",1728743269,"Fastball","NO","1.78","17.01",81.93,2085.2,1738.5,83.4,"01:02",0.8,2.1185207,"15.22","8.04","15.2","8.9","-3.27","-0.60","4.76","2.45","33.52","1249540@1728743269","RBB20WBSM44R","-","-"
254,1249540,"Logan Grinnell","-","Sat Oct 12 2024 2:28:24 PM",1728743304,"Cutter","YES","6.06","25.56",77.62,2229.5,854.1,38.3,"00:52",0.9,1.9307919,"7.99","2.62","8.0","3.1","-2.06","0.67","4.84","2.19","67.48","1249540@1728743304","RBB20WBSM44R","-","-"
255,1249540,"Logan Grinnell","-","Sat Oct 12 2024 2:28:44 PM",1728743324,"Fastball","NO","9.14","46.77",83.17,2163.2,2001.2,92.5,"01:18",0.9,1.9373035,"15.63","8.12","15.6","12.6","-2.34","0.78","4.91","2.24","22.31","1249540@1728743324","RBB20WBSM44R","-","-"
256,1249540,"Logan Grinnell","-","Sat Oct 12 2024 2:29:04 PM",1728743344,"Cutter","NO","-2.28","-0.09",77.43,2234.7,850.5,38.1,"00:40",0.9,2.0083237,"8.28","1.66","8.3","2.3","-2.93","-1.84","4.92","2.36","67.63","1249540@1728743344","RBB20WBSM44R","-","-"
257,1249540,"Logan Grinnell","-","Sat Oct 12 2024 2:29:24 PM",1728743364,"Fastball","NO","10.89","43.27",83.87,2146.6,1924.7,89.7,"01:02",0.9,2.1217155,"16.28","5.50","16.3","9.6","-1.93","1.03","4.80","2.21","26.28","1249540@1728743364","RBB20WBSM44R","-","-"
258,1249540,"Logan Grinnell","-","Sat Oct 12 2024 2:29:43 PM",1728743383,"Fastball","YES","5.87","28.81",81.76,2151.7,1927.5,89.6,"00:58",0.9,1.9675865,"17.07","13.99","17.1","9.4","-3.12","-0.42","4.87","2.19","26.39","1249540@1728743383","RBB20WBSM44R","-","-"
259,1249540,"Logan Grinnell","-","Sat Oct 12 2024 2:30:05 PM",1728743405,"Fastball","YES","-5.59","31.71",82.34,2125.3,1913.5,90,"01:02",1,1.957058,"16.93","8.96","16.9","10.0","-3.66","-0.36","4.93","2.16","25.80","1249540@1728743405","RBB20WBSM44R","-","-"
260,1249540,"Logan Grinnell","-","Sat Oct 12 2024 2:30:48 PM",1728743448,"Cutter","NO","-16.74","14.35",77.56,2264,898.1,39.7,"00:38",0.9,1.938406,"8.60","-0.69","8.6","2.2","-3.58","-0.60","4.93","1.97","66.63","1249540@1728743448","RBB20WBSM44R","-","-"
261,1249540,"Logan Grinnell","-","Sat Oct 12 2024 2:31:04 PM",1728743464,"Fastball","NO","10.52","43.36",81.59,2102.6,1764,83.9,"01:08",0.9,1.7808781,"15.48","11.91","15.5","10.2","-2.66","0.38","4.88","2.35","32.97","1249540@1728743464","RBB20WBSM44R","-","-"
262,1249540,"Logan Grinnell","-","Sat Oct 12 2024 2:31:46 PM",1728743506,"Fastball","YES","-3.15","27.29",82.7,2206.9,1984.5,89.9,"00:56",0.9,1.9581833,"17.61","11.26","17.6","9.3","-3.71","-0.46","4.81","2.21","25.94","1249540@1728743506","RBB20WBSM44R","-","-"
263,1249540,"Logan Grinnell","-","Sat Oct 12 2024 2:32:11 PM",1728743531,"Slider","YES","-6.40","27.66",77.07,2328.6,834.2,35.8,"00:10",0.9,1.9368382,"8.37","2.99","8.4","-0.1","-3.05","0.66","5.00","2.02","69.01","1249540@1728743531","RBB20WBSM44R","-","-"
264,1249230,"Logan Feeney","-","Sat Oct 12 2024 2:44:40 PM",1728744280,"Fastball","NO","-12.72","18.87",78.98,1844.7,1781.7,96.6,"10:12",0.9,"-","11.52","-13.89","11.5","-15.6","1.35","-0.64","4.67","-1.12","-15.01","1249230@1728744280","RBB20WBSM44R","-","-"
265,1249230,"Logan Feeney","-","Sat Oct 12 2024 2:44:51 PM",1728744291,"Fastball","NO","11.69","28.78",83.72,2082.5,1969.8,94.6,"10:34",1,2.100027,"14.84","-13.69","14.8","-13.4","3.82","-0.69","4.92","-1.37","-18.94","1249230@1728744291","RBB20WBSM44R","-","-"
266,1249230,"Logan Feeney","-","Sat Oct 12 2024 2:45:03 PM",1728744303,"Fastball","NO","12.82","30.27",84.92,2050.8,1771.1,86.4,"10:20",0.9,"-","11.51","-15.49","11.5","-13.2","3.98","0.08","4.83","-1.25","-30.28","1249230@1728744303","RBB20WBSM44R","-","-"
267,1249230,"Logan Feeney","-","Sat Oct 12 2024 2:45:15 PM",1728744315,"Fastball","NO","-4.64","46.17",84.21,2059.5,1727.8,83.9,"10:16",0.9,1.9588127,"10.90","-12.49","10.9","-13.8","2.33","0.93","4.72","-1.49","-32.97","1249230@1728744315","RBB20WBSM44R","-","-"
268,1249230,"Logan Feeney","-","Sat Oct 12 2024 2:45:38 PM",1728744338,"Slider","YES","9.41","18.35",73.43,2180.3,878.6,40.3,"04:28",0.9,"-","-6.19","13.36","-6.2","7.6","1.51","1.41","4.55","-1.70","-66.24","1249230@1728744338","RBB20WBSM44R","-","-"
269,1249230,"Logan Feeney","-","Sat Oct 12 2024 2:45:50 PM",1728744350,"CurveBall","YES","-5.31","38.42",72.04,2316.3,1473.4,63.6,"04:02",0.9,"-","-7.30","16.07","-7.3","13.4","0.27","3.67","4.44","-2.02","-50.50","1249230@1728744350","RBB20WBSM44R","-","-"
270,1249230,"Logan Feeney","-","Sat Oct 12 2024 2:46:06 PM",1728744366,"Slider","YES","0.49","20.30",72.77,2333.8,1021.2,43.8,"04:20",0.8,2.143753,"-6.41","16.81","-6.4","8.8","0.65","2.05","4.38","-1.95","-64.05","1249230@1728744366","RBB20WBSM44R","-","-"
271,1249230,"Logan Feeney","-","Sat Oct 12 2024 2:46:21 PM",1728744381,"CurveBall","NO","3.51","15.63",74.61,2424.1,1441.6,59.5,"04:40",0.8,2.021059,"-10.89","19.15","-10.9","10.0","0.64","0.82","4.68","-1.89","-53.51","1249230@1728744381","RBB20WBSM44R","-","-"
272,1249230,"Logan Feeney","-","Sat Oct 12 2024 2:46:37 PM",1728744397,"Fastball","YES","4.82","21.34",86.63,2078,1931.5,92.9,"10:10",0.9,2.1483173,"11.14","-14.34","11.1","-15.4","3.25","-1.04","5.03","-1.35","-21.65","1249230@1728744397","RBB20WBSM44R","-","-"
273,1249230,"Logan Feeney","-","Sat Oct 12 2024 2:47:15 PM",1728744435,"Fastball","NO","17.33","4.15",85.51,2226.9,1930.8,86.7,"10:26",0.9,"-","12.63","-16.71","12.6","-13.2","4.66","-2.64","4.86","-1.37","-29.88","1249230@1728744435","RBB20WBSM44R","-","-"
274,1249230,"Logan Feeney","-","Sat Oct 12 2024 2:47:40 PM",1728744460,"Slider","NO","11.70","7.51",73.86,2293.1,987.6,43.1,"04:20",1,"-","-6.10","8.24","-6.1","8.5","2.03","0.78","4.45","-1.55","-64.49","1249230@1728744460","RBB20WBSM44R","-","-"
275,1249230,"Logan Feeney","-","Sat Oct 12 2024 2:47:59 PM",1728744479,"Fastball","NO","15.18","39.02",85.3,2081.2,1804,86.7,"10:16",0.9,2.0538826,"11.36","-12.84","11.4","-14.1","4.07","0.01","4.97","-1.38","-29.91","1249230@1728744479","RBB20WBSM44R","-","-"
276,1249230,"Logan Feeney","-","Sat Oct 12 2024 2:48:15 PM",1728744495,"Fastball","YES","9.42","24.84",84.44,2061.3,1757.4,85.3,"10:12",0.9,"-","10.39","-13.98","10.4","-13.9","3.79","-0.18","4.62","-1.48","-31.51","1249230@1728744495","RBB20WBSM44R","-","-"
277,1249230,"Logan Feeney","-","Sat Oct 12 2024 2:48:46 PM",1728744526,"Fastball","NO","10.37","14.99",85.32,2014.6,1685.9,83.7,"10:20",0.9,"-","11.10","-12.61","11.1","-12.6","3.60","-1.39","4.88","-1.35","-33.20","1249230@1728744526","RBB20WBSM44R","-","-"
278,1249230,"Logan Feeney","-","Sat Oct 12 2024 2:49:29 PM",1728744569,"Fastball","NO","16.34","23.65",85.04,2102.8,1788,85,"10:22",0.9,"-","11.80","-10.28","11.8","-12.9","3.81","-0.71","4.85","-1.22","-31.76","1249230@1728744569","RBB20WBSM44R","-","-"
279,1249230,"Logan Feeney","-","Sat Oct 12 2024 2:50:07 PM",1728744607,"Fastball","YES","-7.41","21.86",85.85,2190,2007.5,91.7,"10:20",0.9,"-","12.58","-13.29","12.6","-14.3","2.02","-0.74","4.79","-1.34","-23.56","1249230@1728744607","RBB20WBSM44R","-","-"
280,1249230,"Logan Feeney","-","Sat Oct 12 2024 2:50:22 PM",1728744622,"Slider","NO","-12.72","32.96",72.76,2367.2,1011.6,42.7,"04:30",0.9,2.031948,"-7.01","12.27","-7.0","8.3","-0.50","2.65","4.55","-1.63","-64.70","1249230@1728744622","RBB20WBSM44R","-","-"
281,1249230,"Logan Feeney","-","Sat Oct 12 2024 2:50:48 PM",1728744648,"Fastball","NO","18.39","26.65",86.38,2144.1,2024.9,94.4,"10:08",0.9,"-","11.05","-11.04","11.0","-16.1","4.07","-1.08","5.07","-1.23","-19.19","1249230@1728744648","RBB20WBSM44R","-","-"
282,1249230,"Logan Feeney","-","Sat Oct 12 2024 2:51:39 PM",1728744699,"Slider","NO","-6.44","16.71",72.82,2224.6,967.9,43.5,"04:18",0.9,"-","-6.00","12.33","-6.0","8.6","0.26","2.06","4.41","-1.80","-64.21","1249230@1728744699","RBB20WBSM44R","-","-"